driver,team,race_name,year,round,weekend_key,fp3_best_time,quali_best_time,ratio_fp3_quali,delta_fp3_quali_s,fp3_laps_count,event_delta_median_s,sq_best_time,sq_position,sprint_position,sprint_best_lap_time,sprint_points
PER,Red Bull Racing,Bahrain Grand Prix,2024,1,2024_Bahrain Grand Prix,91.248,89.537,0.981248904085569,-1.7109999999999985,11,-1.6069999999999922,,,,,
SAI,Ferrari,Bahrain Grand Prix,2024,1,2024_Bahrain Grand Prix,90.824,89.507,0.9854994274641065,-1.316999999999993,13,-1.6069999999999922,,,,,
VER,Red Bull Racing,Bahrain Grand Prix,2024,1,2024_Bahrain Grand Prix,91.062,89.179,0.9793217807647537,-1.8829999999999956,12,-1.6069999999999922,,,,,
NOR,McLaren,Bahrain Grand Prix,2024,1,2024_Bahrain Grand Prix,91.118,89.614,0.9834939309466846,-1.5039999999999907,8,-1.6069999999999922,,,,,
ALO,Aston Martin,Bahrain Grand Prix,2024,1,2024_Bahrain Grand Prix,90.965,89.542,0.9843566206782829,-1.4230000000000018,14,-1.6069999999999922,,,,,
LEC,Ferrari,Bahrain Grand Prix,2024,1,2024_Bahrain Grand Prix,91.094,89.407,0.9814806683206359,-1.6869999999999976,14,-1.6069999999999922,,,,,
HAM,Mercedes,Bahrain Grand Prix,2024,1,2024_Bahrain Grand Prix,91.452,89.71,0.9809517561124961,-1.7420000000000044,15,-1.6069999999999922,,,,,
HUL,Haas F1 Team,Bahrain Grand Prix,2024,1,2024_Bahrain Grand Prix,91.278,90.502,0.9914984990906899,-0.7760000000000105,11,-1.6069999999999922,,,,,
PIA,McLaren,Bahrain Grand Prix,2024,1,2024_Bahrain Grand Prix,91.21,89.683,0.9832584146475168,-1.5269999999999868,9,-1.6069999999999922,,,,,
RUS,Mercedes,Bahrain Grand Prix,2024,1,2024_Bahrain Grand Prix,91.19,89.485,0.9813027744270205,-1.7049999999999983,7,-1.6069999999999922,,,,,
PER,Red Bull Racing,Saudi Arabian Grand Prix,2024,2,2024_Saudi Arabian Grand Prix,88.906,87.807,0.9876386295638089,-1.0990000000000038,7,-0.8895000000000053,,,,,
VER,Red Bull Racing,Saudi Arabian Grand Prix,2024,2,2024_Saudi Arabian Grand Prix,88.412,87.472,0.9893679591005744,-0.9400000000000119,10,-0.8895000000000053,,,,,
NOR,McLaren,Saudi Arabian Grand Prix,2024,2,2024_Saudi Arabian Grand Prix,88.971,88.132,0.9905699609985277,-0.8389999999999986,7,-0.8895000000000053,,,,,
TSU,RB,Saudi Arabian Grand Prix,2024,2,2024_Saudi Arabian Grand Prix,89.572,88.547,0.9885566918233376,-1.0250000000000057,13,-0.8895000000000053,,,,,
ALO,Aston Martin,Saudi Arabian Grand Prix,2024,2,2024_Saudi Arabian Grand Prix,89.038,87.846,0.9866124576023722,-1.191999999999993,11,-0.8895000000000053,,,,,
LEC,Ferrari,Saudi Arabian Grand Prix,2024,2,2024_Saudi Arabian Grand Prix,88.608,87.791,0.9907796135789093,-0.8170000000000073,11,-0.8895000000000053,,,,,
HAM,Mercedes,Saudi Arabian Grand Prix,2024,2,2024_Saudi Arabian Grand Prix,89.268,88.46,0.9909486042030738,-0.8080000000000069,14,-0.8895000000000053,,,,,
PIA,McLaren,Saudi Arabian Grand Prix,2024,2,2024_Saudi Arabian Grand Prix,89.213,88.089,0.9874009393249863,-1.1239999999999952,8,-0.8895000000000053,,,,,
STR,Aston Martin,Saudi Arabian Grand Prix,2024,2,2024_Saudi Arabian Grand Prix,89.127,88.572,0.9937729307617221,-0.5549999999999926,11,-0.8895000000000053,,,,,
RUS,Mercedes,Saudi Arabian Grand Prix,2024,2,2024_Saudi Arabian Grand Prix,88.964,88.316,0.9927161548491525,-0.6479999999999961,12,-0.8895000000000053,,,,,
PER,Red Bull Racing,Australian Grand Prix,2024,3,2024_Australian Grand Prix,77.014,76.274,0.9903913574155349,-0.7399999999999949,25,-0.5604999999999976,,,,,
SAI,Ferrari,Australian Grand Prix,2024,3,2024_Australian Grand Prix,76.791,76.185,0.992108450209009,-0.6059999999999945,16,-0.5604999999999976,,,,,
VER,Red Bull Racing,Australian Grand Prix,2024,3,2024_Australian Grand Prix,76.734,75.915,0.9893267651888343,-0.8189999999999884,25,-0.5604999999999976,,,,,
NOR,McLaren,Australian Grand Prix,2024,3,2024_Australian Grand Prix,77.49,76.315,0.9848367531294361,-1.1749999999999972,18,-0.5604999999999976,,,,,
TSU,RB,Australian Grand Prix,2024,3,2024_Australian Grand Prix,77.673,76.788,0.9886060793325866,-0.8850000000000051,17,-0.5604999999999976,,,,,
ALO,Aston Martin,Australian Grand Prix,2024,3,2024_Australian Grand Prix,76.997,77.552,1.007208073041807,0.5550000000000068,16,-0.5604999999999976,,,,,
LEC,Ferrari,Australian Grand Prix,2024,3,2024_Australian Grand Prix,76.714,76.435,0.9963631149464244,-0.27899999999999636,18,-0.5604999999999976,,,,,
PIA,McLaren,Australian Grand Prix,2024,3,2024_Australian Grand Prix,77.087,76.572,0.9933192367065783,-0.5150000000000006,14,-0.5604999999999976,,,,,
STR,Aston Martin,Australian Grand Prix,2024,3,2024_Australian Grand Prix,77.341,77.072,0.9965218965361193,-0.26899999999999125,18,-0.5604999999999976,,,,,
RUS,Mercedes,Australian Grand Prix,2024,3,2024_Australian Grand Prix,76.886,76.724,0.9978929844184898,-0.16199999999999193,20,-0.5604999999999976,,,,,
PER,Red Bull Racing,Japanese Grand Prix,2024,4,2024_Japanese Grand Prix,89.832,88.263,0.9825340635853594,-1.5689999999999884,21,-1.4309999999999903,,,,,
SAI,Ferrari,Japanese Grand Prix,2024,4,2024_Japanese Grand Prix,90.171,88.682,0.9834869303878186,-1.4890000000000043,22,-1.4309999999999903,,,,,
VER,Red Bull Racing,Japanese Grand Prix,2024,4,2024_Japanese Grand Prix,89.563,88.197,0.9847481660953742,-1.3659999999999997,17,-1.4309999999999903,,,,,
NOR,McLaren,Japanese Grand Prix,2024,4,2024_Japanese Grand Prix,90.137,88.489,0.9817167201038419,-1.6479999999999961,10,-1.4309999999999903,,,,,
TSU,RB,Japanese Grand Prix,2024,4,2024_Japanese Grand Prix,90.341,89.413,0.9897278090789343,-0.9279999999999973,16,-1.4309999999999903,,,,,
ALO,Aston Martin,Japanese Grand Prix,2024,4,2024_Japanese Grand Prix,90.082,88.686,0.9845030083701518,-1.3959999999999866,20,-1.4309999999999903,,,,,
LEC,Ferrari,Japanese Grand Prix,2024,4,2024_Japanese Grand Prix,90.383,88.786,0.9823307480389012,-1.5969999999999942,20,-1.4309999999999903,,,,,
HAM,Mercedes,Japanese Grand Prix,2024,4,2024_Japanese Grand Prix,90.037,88.766,0.9858835811943979,-1.2710000000000008,15,-1.4309999999999903,,,,,
PIA,McLaren,Japanese Grand Prix,2024,4,2024_Japanese Grand Prix,90.226,88.76,0.9837519118657594,-1.465999999999994,15,-1.4309999999999903,,,,,
RUS,Mercedes,Japanese Grand Prix,2024,4,2024_Japanese Grand Prix,89.918,89.008,0.989879668142085,-0.9100000000000108,19,-1.4309999999999903,,,,,
PER,Red Bull Racing,Chinese Grand Prix,2024,5,2024_Chinese Grand Prix,,93.982,,,0,,,,,,
SAI,Ferrari,Chinese Grand Prix,2024,5,2024_Chinese Grand Prix,,94.297,,,0,,,,,,
BOT,Kick Sauber,Chinese Grand Prix,2024,5,2024_Chinese Grand Prix,,94.665,,,0,,,,,,
VER,Red Bull Racing,Chinese Grand Prix,2024,5,2024_Chinese Grand Prix,,93.66,,,0,,,,,,
NOR,McLaren,Chinese Grand Prix,2024,5,2024_Chinese Grand Prix,,94.165,,,0,,,,,,
ALO,Aston Martin,Chinese Grand Prix,2024,5,2024_Chinese Grand Prix,,94.148,,,0,,,,,,
LEC,Ferrari,Chinese Grand Prix,2024,5,2024_Chinese Grand Prix,,94.289,,,0,,,,,,
HUL,Haas F1 Team,Chinese Grand Prix,2024,5,2024_Chinese Grand Prix,,94.604,,,0,,,,,,
PIA,McLaren,Chinese Grand Prix,2024,5,2024_Chinese Grand Prix,,94.273,,,0,,,,,,
RUS,Mercedes,Chinese Grand Prix,2024,5,2024_Chinese Grand Prix,,94.433,,,0,,,,,,
PER,Red Bull Racing,Miami Grand Prix,2024,6,2024_Miami Grand Prix,,87.46,,,0,,,,,,
SAI,Ferrari,Miami Grand Prix,2024,6,2024_Miami Grand Prix,,87.455,,,0,,,,,,
VER,Red Bull Racing,Miami Grand Prix,2024,6,2024_Miami Grand Prix,,87.241,,,0,,,,,,
NOR,McLaren,Miami Grand Prix,2024,6,2024_Miami Grand Prix,,87.594,,,0,,,,,,
TSU,RB,Miami Grand Prix,2024,6,2024_Miami Grand Prix,,88.192,,,0,,,,,,
LEC,Ferrari,Miami Grand Prix,2024,6,2024_Miami Grand Prix,,87.382,,,0,,,,,,
HAM,Mercedes,Miami Grand Prix,2024,6,2024_Miami Grand Prix,,88.107,,,0,,,,,,
HUL,Haas F1 Team,Miami Grand Prix,2024,6,2024_Miami Grand Prix,,88.146,,,0,,,,,,
PIA,McLaren,Miami Grand Prix,2024,6,2024_Miami Grand Prix,,87.675,,,0,,,,,,
RUS,Mercedes,Miami Grand Prix,2024,6,2024_Miami Grand Prix,,88.067,,,0,,,,,,
SAI,Ferrari,Emilia Romagna Grand Prix,2024,7,2024_Emilia Romagna Grand Prix,76.067,75.233,0.9890359814374171,-0.833999999999989,16,-0.938999999999993,,,,,
VER,Red Bull Racing,Emilia Romagna Grand Prix,2024,7,2024_Emilia Romagna Grand Prix,76.366,74.746,0.9787863708980435,-1.6200000000000045,15,-0.938999999999993,,,,,
NOR,McLaren,Emilia Romagna Grand Prix,2024,7,2024_Emilia Romagna Grand Prix,75.829,74.837,0.9869179337720398,-0.9919999999999902,8,-0.938999999999993,,,,,
TSU,RB,Emilia Romagna Grand Prix,2024,7,2024_Emilia Romagna Grand Prix,76.668,75.465,0.9843089685396775,-1.203000000000003,8,-0.938999999999993,,,,,
LEC,Ferrari,Emilia Romagna Grand Prix,2024,7,2024_Emilia Romagna Grand Prix,76.087,74.97,0.9853194369603216,-1.1170000000000044,13,-0.938999999999993,,,,,
RIC,RB,Emilia Romagna Grand Prix,2024,7,2024_Emilia Romagna Grand Prix,76.56,75.674,0.9884273772204807,-0.8859999999999957,9,-0.938999999999993,,,,,
HAM,Mercedes,Emilia Romagna Grand Prix,2024,7,2024_Emilia Romagna Grand Prix,76.96,75.504,0.9810810810810813,-1.4559999999999889,8,-0.938999999999993,,,,,
HUL,Haas F1 Team,Emilia Romagna Grand Prix,2024,7,2024_Emilia Romagna Grand Prix,76.547,75.98,0.9925927861313965,-0.5669999999999931,9,-0.938999999999993,,,,,
PIA,McLaren,Emilia Romagna Grand Prix,2024,7,2024_Emilia Romagna Grand Prix,75.529,74.82,0.9906128771730064,-0.7090000000000032,9,-0.938999999999993,,,,,
RUS,Mercedes,Emilia Romagna Grand Prix,2024,7,2024_Emilia Romagna Grand Prix,76.095,75.234,0.9886851961364084,-0.8610000000000042,10,-0.938999999999993,,,,,
ALB,Williams,Monaco Grand Prix,2024,8,2024_Monaco Grand Prix,72.18,70.948,0.9829315599889165,-1.2320000000000135,21,-1.1825000000000045,,,,,
SAI,Ferrari,Monaco Grand Prix,2024,8,2024_Monaco Grand Prix,71.979,70.518,0.9797024132038511,-1.4609999999999985,24,-1.1825000000000045,,,,,
VER,Red Bull Racing,Monaco Grand Prix,2024,8,2024_Monaco Grand Prix,71.566,70.567,0.9860408573903807,-0.9990000000000094,25,-1.1825000000000045,,,,,
NOR,McLaren,Monaco Grand Prix,2024,8,2024_Monaco Grand Prix,71.988,70.542,0.9799133188864811,-1.445999999999998,20,-1.1825000000000045,,,,,
TSU,RB,Monaco Grand Prix,2024,8,2024_Monaco Grand Prix,71.991,70.858,0.9842619216290925,-1.1329999999999956,24,-1.1825000000000045,,,,,
LEC,Ferrari,Monaco Grand Prix,2024,8,2024_Monaco Grand Prix,71.369,70.27,0.9846011573652426,-1.0990000000000038,23,-1.1825000000000045,,,,,
GAS,Alpine,Monaco Grand Prix,2024,8,2024_Monaco Grand Prix,72.144,71.311,0.9884536482590375,-0.8329999999999984,24,-1.1825000000000045,,,,,
HAM,Mercedes,Monaco Grand Prix,2024,8,2024_Monaco Grand Prix,71.71,70.621,0.9848138334960257,-1.0889999999999986,20,-1.1825000000000045,,,,,
PIA,McLaren,Monaco Grand Prix,2024,8,2024_Monaco Grand Prix,71.901,70.424,0.9794578656764164,-1.4769999999999897,20,-1.1825000000000045,,,,,
RUS,Mercedes,Monaco Grand Prix,2024,8,2024_Monaco Grand Prix,71.968,70.543,0.9801995331258337,-1.4249999999999972,29,-1.1825000000000045,,,,,
ALB,Williams,Canadian Grand Prix,2024,9,2024_Canadian Grand Prix,73.88,72.796,0.9853275582024906,-1.083999999999989,18,-1.092499999999994,,,,,
VER,Red Bull Racing,Canadian Grand Prix,2024,9,2024_Canadian Grand Prix,72.923,72.0,0.987342813652757,-0.9230000000000018,27,-1.092499999999994,,,,,
NOR,McLaren,Canadian Grand Prix,2024,9,2024_Canadian Grand Prix,73.293,72.021,0.982645000204658,-1.2720000000000056,28,-1.092499999999994,,,,,
TSU,RB,Canadian Grand Prix,2024,9,2024_Canadian Grand Prix,73.716,72.414,0.9823376200553476,-1.3019999999999925,26,-1.092499999999994,,,,,
ALO,Aston Martin,Canadian Grand Prix,2024,9,2024_Canadian Grand Prix,73.34,72.228,0.9848377420234523,-1.112000000000009,25,-1.092499999999994,,,,,
RIC,RB,Canadian Grand Prix,2024,9,2024_Canadian Grand Prix,73.279,72.178,0.9849752316489035,-1.100999999999999,30,-1.092499999999994,,,,,
HAM,Mercedes,Canadian Grand Prix,2024,9,2024_Canadian Grand Prix,72.549,72.28,0.9962921611600435,-0.26900000000000546,27,-1.092499999999994,,,,,
PIA,McLaren,Canadian Grand Prix,2024,9,2024_Canadian Grand Prix,73.266,72.103,0.9841263341795647,-1.163000000000011,28,-1.092499999999994,,,,,
STR,Aston Martin,Canadian Grand Prix,2024,9,2024_Canadian Grand Prix,73.026,72.701,0.9955495303042752,-0.32500000000000284,23,-1.092499999999994,,,,,
RUS,Mercedes,Canadian Grand Prix,2024,9,2024_Canadian Grand Prix,72.957,72.0,0.9868826843209014,-0.9569999999999936,29,-1.092499999999994,,,,,
PER,Red Bull Racing,Spanish Grand Prix,2024,10,2024_Spanish Grand Prix,73.723,72.061,0.9774561534392253,-1.661999999999992,14,-1.6600000000000108,,,,,
SAI,Ferrari,Spanish Grand Prix,2024,10,2024_Spanish Grand Prix,73.013,71.736,0.9825099639790175,-1.277000000000001,14,-1.6600000000000108,,,,,
VER,Red Bull Racing,Spanish Grand Prix,2024,10,2024_Spanish Grand Prix,73.087,71.403,0.9769589667109062,-1.6839999999999975,20,-1.6600000000000108,,,,,
NOR,McLaren,Spanish Grand Prix,2024,10,2024_Spanish Grand Prix,73.043,71.383,0.9772736607203975,-1.6600000000000108,10,-1.6600000000000108,,,,,
LEC,Ferrari,Spanish Grand Prix,2024,10,2024_Spanish Grand Prix,73.05,71.731,0.9819438740588637,-1.3190000000000026,14,-1.6600000000000108,,,,,
GAS,Alpine,Spanish Grand Prix,2024,10,2024_Spanish Grand Prix,73.964,71.857,0.9715131685684928,-2.1069999999999993,11,-1.6600000000000108,,,,,
OCO,Alpine,Spanish Grand Prix,2024,10,2024_Spanish Grand Prix,73.95,72.125,0.9753211629479378,-1.8250000000000028,14,-1.6600000000000108,,,,,
HAM,Mercedes,Spanish Grand Prix,2024,10,2024_Spanish Grand Prix,73.359,71.701,0.9773988195040827,-1.6580000000000013,18,-1.6600000000000108,,,,,
RUS,Mercedes,Spanish Grand Prix,2024,10,2024_Spanish Grand Prix,73.164,71.703,0.9800311628669838,-1.4609999999999985,15,-1.6600000000000108,,,,,
PER,Red Bull Racing,Austrian Grand Prix,2024,11,2024_Austrian Grand Prix,,65.202,,,0,,,,,,
SAI,Ferrari,Austrian Grand Prix,2024,11,2024_Austrian Grand Prix,,64.851,,,0,,,,,,
VER,Red Bull Racing,Austrian Grand Prix,2024,11,2024_Austrian Grand Prix,,64.314,,,0,,,,,,
NOR,McLaren,Austrian Grand Prix,2024,11,2024_Austrian Grand Prix,,64.718,,,0,,,,,,
LEC,Ferrari,Austrian Grand Prix,2024,11,2024_Austrian Grand Prix,,65.044,,,0,,,,,,
OCO,Alpine,Austrian Grand Prix,2024,11,2024_Austrian Grand Prix,,65.883,,,0,,,,,,
HAM,Mercedes,Austrian Grand Prix,2024,11,2024_Austrian Grand Prix,,64.903,,,0,,,,,,
HUL,Haas F1 Team,Austrian Grand Prix,2024,11,2024_Austrian Grand Prix,,65.385,,,0,,,,,,
PIA,McLaren,Austrian Grand Prix,2024,11,2024_Austrian Grand Prix,,65.048,,,0,,,,,,
RUS,Mercedes,Austrian Grand Prix,2024,11,2024_Austrian Grand Prix,,64.84,,,0,,,,,,
ALB,Williams,British Grand Prix,2024,12,2024_British Grand Prix,99.603,86.64,0.8698533176711546,-12.962999999999994,20,-10.917600000000002,,,,,
SAI,Ferrari,British Grand Prix,2024,12,2024_British Grand Prix,98.139,86.509,0.8814946147810758,-11.629999999999995,19,-10.917600000000002,,,,,
VER,Red Bull Racing,British Grand Prix,2024,12,2024_British Grand Prix,98.393,86.203,0.8761090727998944,-12.189999999999998,15,-10.917600000000002,,,,,
NOR,McLaren,British Grand Prix,2024,12,2024_British Grand Prix,97.714,86.03,0.8804265509548274,-11.683999999999997,15,-10.917600000000002,,,,,
ALO,Aston Martin,British Grand Prix,2024,12,2024_British Grand Prix,98.94,86.917,0.8784819082272084,-12.022999999999996,16,-10.917600000000002,,,,,
HAM,Mercedes,British Grand Prix,2024,12,2024_British Grand Prix,97.564,85.99,0.8813701775244968,-11.573999999999998,22,-10.917600000000002,,,,,
HUL,Haas F1 Team,British Grand Prix,2024,12,2024_British Grand Prix,99.34,86.338,0.8691161667002214,-13.00200000000001,12,-10.917600000000002,,,,,
PIA,McLaren,British Grand Prix,2024,12,2024_British Grand Prix,96.654,86.237,0.8922238086369938,-10.417000000000002,23,-10.917600000000002,,,,,
STR,Aston Martin,British Grand Prix,2024,12,2024_British Grand Prix,99.7,86.585,0.8684553660982948,-13.115000000000009,19,-10.917600000000002,,,,,
RUS,Mercedes,British Grand Prix,2024,12,2024_British Grand Prix,97.529,85.819,0.8799331480892864,-11.709999999999994,18,-10.917600000000002,,,,,
SAI,Ferrari,Hungarian Grand Prix,2024,13,2024_Hungarian Grand Prix,76.639,75.696,0.9876955597019794,-0.9429999999999978,11,-0.8954999999999984,,,,,
VER,Red Bull Racing,Hungarian Grand Prix,2024,13,2024_Hungarian Grand Prix,76.379,75.273,0.985519579989264,-1.1060000000000088,23,-0.8954999999999984,,,,,
NOR,McLaren,Hungarian Grand Prix,2024,13,2024_Hungarian Grand Prix,76.098,75.227,0.9885542326999396,-0.8709999999999951,12,-0.8954999999999984,,,,,
TSU,RB,Hungarian Grand Prix,2024,13,2024_Hungarian Grand Prix,76.744,76.477,0.9965209006567289,-0.2669999999999959,13,-0.8954999999999984,,,,,
ALO,Aston Martin,Hungarian Grand Prix,2024,13,2024_Hungarian Grand Prix,77.001,76.043,0.9875586031350242,-0.9579999999999984,16,-0.8954999999999984,,,,,
LEC,Ferrari,Hungarian Grand Prix,2024,13,2024_Hungarian Grand Prix,76.803,75.905,0.988307748395245,-0.8979999999999961,13,-0.8954999999999984,,,,,
RIC,RB,Hungarian Grand Prix,2024,13,2024_Hungarian Grand Prix,76.652,76.447,0.9973255753274539,-0.2049999999999983,11,-0.8954999999999984,,,,,
HAM,Mercedes,Hungarian Grand Prix,2024,13,2024_Hungarian Grand Prix,76.786,75.854,0.987862370744667,-0.9320000000000022,7,-0.8954999999999984,,,,,
PIA,McLaren,Hungarian Grand Prix,2024,13,2024_Hungarian Grand Prix,76.142,75.249,0.9882719130046492,-0.8930000000000007,11,-0.8954999999999984,,,,,
STR,Aston Martin,Hungarian Grand Prix,2024,13,2024_Hungarian Grand Prix,77.085,76.244,0.989089965622365,-0.840999999999994,17,-0.8954999999999984,,,,,
PER,Red Bull Racing,Belgian Grand Prix,2024,14,2024_Belgian Grand Prix,127.103,113.765,0.8950614855668239,-13.337999999999994,2,-10.917600000000002,,,,,
SAI,Ferrari,Belgian Grand Prix,2024,14,2024_Belgian Grand Prix,,114.477,,,0,-10.917600000000002,,,,,
VER,Red Bull Racing,Belgian Grand Prix,2024,14,2024_Belgian Grand Prix,121.565,113.159,0.9308518076749065,-8.405999999999992,3,-10.917600000000002,,,,,
NOR,McLaren,Belgian Grand Prix,2024,14,2024_Belgian Grand Prix,123.372,113.981,0.9238806212106474,-9.391000000000005,3,-10.917600000000002,,,,,
ALO,Aston Martin,Belgian Grand Prix,2024,14,2024_Belgian Grand Prix,128.071,114.765,0.8961045045326421,-13.305999999999997,2,-10.917600000000002,,,,,
LEC,Ferrari,Belgian Grand Prix,2024,14,2024_Belgian Grand Prix,126.033,113.754,0.902573135607341,-12.278999999999996,2,-10.917600000000002,,,,,
OCO,Alpine,Belgian Grand Prix,2024,14,2024_Belgian Grand Prix,125.25,114.81,0.9166467065868263,-10.439999999999998,3,-10.917600000000002,,,,,
HAM,Mercedes,Belgian Grand Prix,2024,14,2024_Belgian Grand Prix,126.751,113.835,0.8980994232787117,-12.916000000000011,1,-10.917600000000002,,,,,
PIA,McLaren,Belgian Grand Prix,2024,14,2024_Belgian Grand Prix,122.998,114.027,0.9270638546968243,-8.971000000000004,3,-10.917600000000002,,,,,
RUS,Mercedes,Belgian Grand Prix,2024,14,2024_Belgian Grand Prix,133.645,114.184,0.8543828800179579,-19.461000000000013,1,-10.917600000000002,,,,,
ALB,Williams,Dutch Grand Prix,2024,15,2024_Dutch Grand Prix,84.007,70.653,0.8410370564357732,-13.354,1,-10.917600000000002,,,,,
PER,Red Bull Racing,Dutch Grand Prix,2024,15,2024_Dutch Grand Prix,,70.416,,,0,-10.917600000000002,,,,,
VER,Red Bull Racing,Dutch Grand Prix,2024,15,2024_Dutch Grand Prix,84.36,70.029,0.8301209103840682,-14.331000000000003,1,-10.917600000000002,,,,,
NOR,McLaren,Dutch Grand Prix,2024,15,2024_Dutch Grand Prix,81.387,69.673,0.8560703797903843,-11.713999999999999,2,-10.917600000000002,,,,,
ALO,Aston Martin,Dutch Grand Prix,2024,15,2024_Dutch Grand Prix,81.461,70.633,0.8670774972072525,-10.828000000000003,4,-10.917600000000002,,,,,
LEC,Ferrari,Dutch Grand Prix,2024,15,2024_Dutch Grand Prix,84.158,70.582,0.8386843793816392,-13.576000000000008,1,-10.917600000000002,,,,,
GAS,Alpine,Dutch Grand Prix,2024,15,2024_Dutch Grand Prix,80.311,70.977,0.8837768176214964,-9.334000000000003,1,-10.917600000000002,,,,,
PIA,McLaren,Dutch Grand Prix,2024,15,2024_Dutch Grand Prix,81.85,70.172,0.8573243738546121,-11.677999999999997,6,-10.917600000000002,,,,,
STR,Aston Martin,Dutch Grand Prix,2024,15,2024_Dutch Grand Prix,81.941,70.857,0.8647319412748197,-11.084000000000003,3,-10.917600000000002,,,,,
RUS,Mercedes,Dutch Grand Prix,2024,15,2024_Dutch Grand Prix,83.958,70.244,0.8366564234498202,-13.713999999999999,3,-10.917600000000002,,,,,
ALB,Williams,Italian Grand Prix,2024,16,2024_Italian Grand Prix,80.596,80.299,0.996314953595712,-0.29699999999999704,11,-0.7674999999999983,,,,,
PER,Red Bull Racing,Italian Grand Prix,2024,16,2024_Italian Grand Prix,81.287,80.062,0.9849299395967374,-1.2250000000000085,18,-0.7674999999999983,,,,,
SAI,Ferrari,Italian Grand Prix,2024,16,2024_Italian Grand Prix,80.463,79.467,0.9876216397598897,-0.9959999999999951,15,-0.7674999999999983,,,,,
RUS,Mercedes,Italian Grand Prix,2024,16,2024_Italian Grand Prix,80.21,79.44,0.9904001994763746,-0.769999999999996,15,-0.7674999999999983,,,,,
VER,Red Bull Racing,Italian Grand Prix,2024,16,2024_Italian Grand Prix,80.368,80.022,0.9956948039020507,-0.3459999999999894,18,-0.7674999999999983,,,,,
NOR,McLaren,Italian Grand Prix,2024,16,2024_Italian Grand Prix,80.262,79.327,0.9883506516159577,-0.9350000000000023,10,-0.7674999999999983,,,,,
LEC,Ferrari,Italian Grand Prix,2024,16,2024_Italian Grand Prix,80.226,79.461,0.9904644379627552,-0.7650000000000006,17,-0.7674999999999983,,,,,
HAM,Mercedes,Italian Grand Prix,2024,16,2024_Italian Grand Prix,80.117,79.513,0.9924610257498409,-0.6039999999999992,10,-0.7674999999999983,,,,,
PIA,McLaren,Italian Grand Prix,2024,16,2024_Italian Grand Prix,80.252,79.436,0.9898320291083089,-0.8159999999999883,10,-0.7674999999999983,,,,,
HUL,Haas F1 Team,Italian Grand Prix,2024,16,2024_Italian Grand Prix,80.943,80.339,0.992537958810521,-0.6039999999999992,14,-0.7674999999999983,,,,,
COL,Williams,Azerbaijan Grand Prix,2024,17,2024_Azerbaijan Grand Prix,103.238,102.53,0.9931420600941514,-0.7079999999999984,7,-1.0374999999999943,,,,,
ALB,Williams,Azerbaijan Grand Prix,2024,17,2024_Azerbaijan Grand Prix,103.194,102.859,0.9967536872298777,-0.33500000000000796,6,-1.0374999999999943,,,,,
PER,Red Bull Racing,Azerbaijan Grand Prix,2024,17,2024_Azerbaijan Grand Prix,103.024,101.813,0.9882454573691567,-1.2109999999999985,8,-1.0374999999999943,,,,,
SAI,Ferrari,Azerbaijan Grand Prix,2024,17,2024_Azerbaijan Grand Prix,102.968,101.805,0.9887052288089504,-1.1629999999999967,8,-1.0374999999999943,,,,,
VER,Red Bull Racing,Azerbaijan Grand Prix,2024,17,2024_Azerbaijan Grand Prix,102.862,102.023,0.9918434407264102,-0.8389999999999986,9,-1.0374999999999943,,,,,
ALO,Aston Martin,Azerbaijan Grand Prix,2024,17,2024_Azerbaijan Grand Prix,103.474,102.369,0.9893209888474399,-1.105000000000004,9,-1.0374999999999943,,,,,
LEC,Ferrari,Azerbaijan Grand Prix,2024,17,2024_Azerbaijan Grand Prix,102.527,101.365,0.9886664000702253,-1.1620000000000061,8,-1.0374999999999943,,,,,
HAM,Mercedes,Azerbaijan Grand Prix,2024,17,2024_Azerbaijan Grand Prix,103.301,102.289,0.9902033862208497,-1.0120000000000005,7,-1.0374999999999943,,,,,
PIA,McLaren,Azerbaijan Grand Prix,2024,17,2024_Azerbaijan Grand Prix,102.749,101.686,0.9896544005294456,-1.0629999999999882,7,-1.0374999999999943,,,,,
RUS,Mercedes,Azerbaijan Grand Prix,2024,17,2024_Azerbaijan Grand Prix,102.514,101.874,0.9937569502702069,-0.6400000000000006,10,-1.0374999999999943,,,,,
VER,Red Bull Racing,Singapore Grand Prix,2024,18,2024_Singapore Grand Prix,90.54,89.728,0.991031588248288,-0.8120000000000118,10,-0.7860000000000085,,,,,
NOR,McLaren,Singapore Grand Prix,2024,18,2024_Singapore Grand Prix,89.646,89.525,0.9986502465252215,-0.12099999999999511,9,-0.7860000000000085,,,,,
TSU,RB,Singapore Grand Prix,2024,18,2024_Singapore Grand Prix,91.114,90.354,0.9916588010624053,-0.7600000000000051,9,-0.7860000000000085,,,,,
ALO,Aston Martin,Singapore Grand Prix,2024,18,2024_Singapore Grand Prix,91.082,90.214,0.990470125820689,-0.867999999999995,14,-0.7860000000000085,,,,,
HAM,Mercedes,Singapore Grand Prix,2024,18,2024_Singapore Grand Prix,90.864,89.841,0.988741415742208,-1.0230000000000103,10,-0.7860000000000085,,,,,
HUL,Haas F1 Team,Singapore Grand Prix,2024,18,2024_Singapore Grand Prix,91.187,90.115,0.9882439382806759,-1.0720000000000027,9,-0.7860000000000085,,,,,
PIA,McLaren,Singapore Grand Prix,2024,18,2024_Singapore Grand Prix,90.431,89.953,0.9947142019882563,-0.47799999999999443,10,-0.7860000000000085,,,,,
RUS,Mercedes,Singapore Grand Prix,2024,18,2024_Singapore Grand Prix,90.125,89.867,0.9971373092926491,-0.25799999999999557,10,-0.7860000000000085,,,,,
MAG,Haas F1 Team,United States Grand Prix,2024,19,2024_United States Grand Prix,,93.481,,,0,,,,,,
SAI,Ferrari,United States Grand Prix,2024,19,2024_United States Grand Prix,,92.652,,,0,,,,,,
VER,Red Bull Racing,United States Grand Prix,2024,19,2024_United States Grand Prix,,92.361,,,0,,,,,,
NOR,McLaren,United States Grand Prix,2024,19,2024_United States Grand Prix,,92.33,,,0,,,,,,
ALO,Aston Martin,United States Grand Prix,2024,19,2024_United States Grand Prix,,93.309,,,0,,,,,,
LEC,Ferrari,United States Grand Prix,2024,19,2024_United States Grand Prix,,92.74,,,0,,,,,,
GAS,Alpine,United States Grand Prix,2024,19,2024_United States Grand Prix,,93.018,,,0,,,,,,
PIA,McLaren,United States Grand Prix,2024,19,2024_United States Grand Prix,,92.95,,,0,,,,,,
RUS,Mercedes,United States Grand Prix,2024,19,2024_United States Grand Prix,,92.974,,,0,,,,,,
ALB,,Mexico City Grand Prix,2024,20,2024_Mexico City Grand Prix,77.511,77.065,0.9942459779902207,-0.44599999999999795,16,-0.7100000000000009,,,,,
MAG,Haas F1 Team,Mexico City Grand Prix,2024,20,2024_Mexico City Grand Prix,77.474,76.886,0.9924103570230012,-0.5880000000000081,17,-0.7100000000000009,,,,,
SAI,Ferrari,Mexico City Grand Prix,2024,20,2024_Mexico City Grand Prix,76.832,75.946,0.9884683465222824,-0.8859999999999957,18,-0.7100000000000009,,,,,
VER,Red Bull Racing,Mexico City Grand Prix,2024,20,2024_Mexico City Grand Prix,77.003,76.171,0.9891952261600199,-0.8319999999999936,22,-0.7100000000000009,,,,,
NOR,McLaren,Mexico City Grand Prix,2024,20,2024_Mexico City Grand Prix,76.551,76.26,0.9961986126895795,-0.2909999999999968,15,-0.7100000000000009,,,,,
LEC,Ferrari,Mexico City Grand Prix,2024,20,2024_Mexico City Grand Prix,77.232,76.265,0.9874792831986742,-0.9669999999999987,21,-0.7100000000000009,,,,,
GAS,Alpine,Mexico City Grand Prix,2024,20,2024_Mexico City Grand Prix,78.454,76.892,0.9800902439646162,-1.5619999999999976,17,-0.7100000000000009,,,,,
HAM,Mercedes,Mexico City Grand Prix,2024,20,2024_Mexico City Grand Prix,77.06,76.651,0.9946924474435505,-0.409000000000006,14,-0.7100000000000009,,,,,
HUL,Haas F1 Team,Mexico City Grand Prix,2024,20,2024_Mexico City Grand Prix,77.819,77.365,0.9941659491897864,-0.45400000000000773,17,-0.7100000000000009,,,,,
RUS,Mercedes,Mexico City Grand Prix,2024,20,2024_Mexico City Grand Prix,77.341,76.356,0.9872641936359757,-0.9849999999999994,22,-0.7100000000000009,,,,,
ALB,,São Paulo Grand Prix,2024,21,2024_São Paulo Grand Prix,,84.657,,,0,,,,,,
NOR,McLaren,São Paulo Grand Prix,2024,21,2024_São Paulo Grand Prix,,83.405,,,0,,,,,,
TSU,RB,São Paulo Grand Prix,2024,21,2024_São Paulo Grand Prix,,84.111,,,0,,,,,,
ALO,Aston Martin,São Paulo Grand Prix,2024,21,2024_São Paulo Grand Prix,,88.998,,,0,,,,,,
LEC,Ferrari,São Paulo Grand Prix,2024,21,2024_São Paulo Grand Prix,,84.525,,,0,,,,,,
LAW,RB,São Paulo Grand Prix,2024,21,2024_São Paulo Grand Prix,,84.484,,,0,,,,,,
OCO,Alpine,São Paulo Grand Prix,2024,21,2024_São Paulo Grand Prix,,84.475,,,0,,,,,,
PIA,McLaren,São Paulo Grand Prix,2024,21,2024_São Paulo Grand Prix,,84.686,,,0,,,,,,
RUS,Mercedes,São Paulo Grand Prix,2024,21,2024_São Paulo Grand Prix,,83.578,,,0,,,,,,
SAI,Ferrari,Las Vegas Grand Prix,2024,22,2024_Las Vegas Grand Prix,93.918,92.41,0.9839434400221468,-1.5080000000000098,12,-1.4240000000000066,,,,,
VER,Red Bull Racing,Las Vegas Grand Prix,2024,22,2024_Las Vegas Grand Prix,94.137,92.797,0.9857654269840763,-1.3400000000000034,13,-1.4240000000000066,,,,,
NOR,McLaren,Las Vegas Grand Prix,2024,22,2024_Las Vegas Grand Prix,94.008,93.008,0.9893626074376649,-1.0,10,-1.4240000000000066,,,,,
TSU,RB,Las Vegas Grand Prix,2024,22,2024_Las Vegas Grand Prix,96.215,93.029,0.9668866600841863,-3.186000000000007,13,-1.4240000000000066,,,,,
LEC,Ferrari,Las Vegas Grand Prix,2024,22,2024_Las Vegas Grand Prix,94.941,92.783,0.9772700940584153,-2.1580000000000013,11,-1.4240000000000066,,,,,
GAS,Alpine,Las Vegas Grand Prix,2024,22,2024_Las Vegas Grand Prix,94.905,92.664,0.9763869132290185,-2.2409999999999997,11,-1.4240000000000066,,,,,
HAM,Mercedes,Las Vegas Grand Prix,2024,22,2024_Las Vegas Grand Prix,94.341,108.106,1.1459068697597015,13.765,8,-1.4240000000000066,,,,,
HUL,Haas F1 Team,Las Vegas Grand Prix,2024,22,2024_Las Vegas Grand Prix,94.908,93.062,0.9805495848611286,-1.8460000000000036,11,-1.4240000000000066,,,,,
PIA,McLaren,Las Vegas Grand Prix,2024,22,2024_Las Vegas Grand Prix,93.785,93.033,0.9919816601801994,-0.7519999999999953,10,-1.4240000000000066,,,,,
RUS,Mercedes,Las Vegas Grand Prix,2024,22,2024_Las Vegas Grand Prix,93.57,92.312,0.9865555199316021,-1.2579999999999956,11,-1.4240000000000066,,,,,
PER,Red Bull Racing,Qatar Grand Prix,2024,23,2024_Qatar Grand Prix,,81.425,,,0,,,,,,
MAG,Haas F1 Team,Qatar Grand Prix,2024,23,2024_Qatar Grand Prix,,81.5,,,0,,,,,,
SAI,Ferrari,Qatar Grand Prix,2024,23,2024_Qatar Grand Prix,,81.041,,,0,,,,,,
VER,Red Bull Racing,Qatar Grand Prix,2024,23,2024_Qatar Grand Prix,,80.52,,,0,,,,,,
NOR,McLaren,Qatar Grand Prix,2024,23,2024_Qatar Grand Prix,,80.772,,,0,,,,,,
ALO,Aston Martin,Qatar Grand Prix,2024,23,2024_Qatar Grand Prix,,81.251,,,0,,,,,,
LEC,Ferrari,Qatar Grand Prix,2024,23,2024_Qatar Grand Prix,,80.852,,,0,,,,,,
HAM,Mercedes,Qatar Grand Prix,2024,23,2024_Qatar Grand Prix,,81.011,,,0,,,,,,
PIA,McLaren,Qatar Grand Prix,2024,23,2024_Qatar Grand Prix,,80.829,,,0,,,,,,
RUS,Mercedes,Qatar Grand Prix,2024,23,2024_Qatar Grand Prix,,80.575,,,0,,,,,,
PER,,Abu Dhabi Grand Prix,2024,24,2024_Abu Dhabi Grand Prix,84.283,83.264,0.9879097801454623,-1.0190000000000055,11,-1.0390000000000015,,,,,
BOT,Kick Sauber,Abu Dhabi Grand Prix,2024,24,2024_Abu Dhabi Grand Prix,84.479,83.204,0.9849074918026964,-1.2750000000000057,11,-1.0390000000000015,,,,,
SAI,Ferrari,Abu Dhabi Grand Prix,2024,24,2024_Abu Dhabi Grand Prix,83.871,82.824,0.987516543262868,-1.046999999999997,16,-1.0390000000000015,,,,,
VER,Red Bull Racing,Abu Dhabi Grand Prix,2024,24,2024_Abu Dhabi Grand Prix,83.844,82.945,0.9892777062163065,-0.8990000000000009,12,-1.0390000000000015,,,,,
NOR,McLaren,Abu Dhabi Grand Prix,2024,24,2024_Abu Dhabi Grand Prix,83.626,82.595,0.9876712984000191,-1.031000000000006,10,-1.0390000000000015,,,,,
ALO,Aston Martin,Abu Dhabi Grand Prix,2024,24,2024_Abu Dhabi Grand Prix,84.453,83.196,0.985115981670278,-1.257000000000005,12,-1.0390000000000015,,,,,
GAS,Alpine,Abu Dhabi Grand Prix,2024,24,2024_Abu Dhabi Grand Prix,84.408,82.984,0.983129561179035,-1.4240000000000066,11,-1.0390000000000015,,,,,
HUL,Haas F1 Team,Abu Dhabi Grand Prix,2024,24,2024_Abu Dhabi Grand Prix,84.093,82.886,0.9856468433757862,-1.2070000000000078,9,-1.0390000000000015,,,,,
PIA,McLaren,Abu Dhabi Grand Prix,2024,24,2024_Abu Dhabi Grand Prix,83.433,82.804,0.9924610166241175,-0.6290000000000049,12,-1.0390000000000015,,,,,
RUS,Mercedes,Abu Dhabi Grand Prix,2024,24,2024_Abu Dhabi Grand Prix,84.075,83.132,0.9887838239666964,-0.9429999999999978,11,-1.0390000000000015,,,,,
ALB,Williams,Australian Grand Prix,2025,1,2025_Australian Grand Prix,76.258,75.737,0.9931679299221066,-0.5210000000000008,18,-0.5210000000000008,,,,,
SAI,,Australian Grand Prix,2025,1,2025_Australian Grand Prix,76.252,76.062,0.9975082620783717,-0.18999999999999773,19,-0.5210000000000008,,,,,
VER,Red Bull Racing,Australian Grand Prix,2025,1,2025_Australian Grand Prix,76.002,75.481,0.99314491723902,-0.5210000000000008,11,-0.5210000000000008,,,,,
NOR,McLaren,Australian Grand Prix,2025,1,2025_Australian Grand Prix,76.597,75.096,0.9804039322688879,-1.5009999999999906,15,-0.5210000000000008,,,,,
TSU,Racing Bulls,Australian Grand Prix,2025,1,2025_Australian Grand Prix,76.455,75.67,0.9897325223987967,-0.7849999999999966,13,-0.5210000000000008,,,,,
LEC,Ferrari,Australian Grand Prix,2025,1,2025_Australian Grand Prix,76.188,75.755,0.9943166902924344,-0.43300000000000693,14,-0.5210000000000008,,,,,
GAS,Alpine,Australian Grand Prix,2025,1,2025_Australian Grand Prix,76.719,75.98,0.9903674448311371,-0.7389999999999901,15,-0.5210000000000008,,,,,
HAM,Ferrari,Australian Grand Prix,2025,1,2025_Australian Grand Prix,76.378,75.973,0.994697425960355,-0.40500000000000114,15,-0.5210000000000008,,,,,
PIA,McLaren,Australian Grand Prix,2025,1,2025_Australian Grand Prix,75.921,75.18,0.9902398545856878,-0.7409999999999997,12,-0.5210000000000008,,,,,
RUS,Mercedes,Australian Grand Prix,2025,1,2025_Australian Grand Prix,75.96,75.546,0.9945497630331755,-0.41399999999998727,11,-0.5210000000000008,,,,,
ALB,Williams,Chinese Grand Prix,2025,2,2025_Chinese Grand Prix,,91.706,,,0,,,,,,
HAD,Racing Bulls,Chinese Grand Prix,2025,2,2025_Chinese Grand Prix,,91.079,,,0,,,,,,
VER,Red Bull Racing,Chinese Grand Prix,2025,2,2025_Chinese Grand Prix,,90.817,,,0,,,,,,
NOR,McLaren,Chinese Grand Prix,2025,2,2025_Chinese Grand Prix,,90.793,,,0,,,,,,
TSU,Racing Bulls,Chinese Grand Prix,2025,2,2025_Chinese Grand Prix,,91.638,,,0,,,,,,
LEC,Ferrari,Chinese Grand Prix,2025,2,2025_Chinese Grand Prix,,91.021,,,0,,,,,,
HAM,Ferrari,Chinese Grand Prix,2025,2,2025_Chinese Grand Prix,,90.927,,,0,,,,,,
PIA,McLaren,Chinese Grand Prix,2025,2,2025_Chinese Grand Prix,,90.641,,,0,,,,,,
ANT,Mercedes,Chinese Grand Prix,2025,2,2025_Chinese Grand Prix,,91.103,,,0,,,,,,
RUS,Mercedes,Chinese Grand Prix,2025,2,2025_Chinese Grand Prix,,90.723,,,0,,,,,,
ALB,Williams,Japanese Grand Prix,2025,3,2025_Japanese Grand Prix,88.554,87.615,0.9893963005623686,-0.9390000000000072,14,-1.0424999999999969,,,,,
HAD,Racing Bulls,Japanese Grand Prix,2025,3,2025_Japanese Grand Prix,88.786,87.569,0.9862928840132453,-1.2169999999999987,11,-1.0424999999999969,,,,,
VER,Red Bull Racing,Japanese Grand Prix,2025,3,2025_Japanese Grand Prix,88.497,86.983,0.9828920754375855,-1.5139999999999958,13,-1.0424999999999969,,,,,
NOR,McLaren,Japanese Grand Prix,2025,3,2025_Japanese Grand Prix,87.965,86.995,0.9889728869436708,-0.9699999999999989,13,-1.0424999999999969,,,,,
LEC,Ferrari,Japanese Grand Prix,2025,3,2025_Japanese Grand Prix,88.414,87.299,0.987388875065035,-1.1149999999999949,7,-1.0424999999999969,,,,,
BEA,Haas F1 Team,Japanese Grand Prix,2025,3,2025_Japanese Grand Prix,90.084,87.867,0.9753896363394166,-2.2169999999999987,11,-1.0424999999999969,,,,,
HAM,Ferrari,Japanese Grand Prix,2025,3,2025_Japanese Grand Prix,88.524,87.61,0.9896751163526275,-0.9140000000000015,7,-1.0424999999999969,,,,,
PIA,McLaren,Japanese Grand Prix,2025,3,2025_Japanese Grand Prix,87.991,87.027,0.9890443340796218,-0.9639999999999986,12,-1.0424999999999969,,,,,
ANT,Mercedes,Japanese Grand Prix,2025,3,2025_Japanese Grand Prix,89.126,87.555,0.9823732693041313,-1.570999999999998,14,-1.0424999999999969,,,,,
RUS,Mercedes,Japanese Grand Prix,2025,3,2025_Japanese Grand Prix,88.077,87.318,0.9913825402772574,-0.7590000000000003,8,-1.0424999999999969,,,,,
SAI,Williams,Bahrain Grand Prix,2025,4,2025_Bahrain Grand Prix,93.092,90.68,0.9740901473810855,-2.411999999999992,9,-2.5079999999999956,,,,,
RUS,Mercedes,Bahrain Grand Prix,2025,4,2025_Bahrain Grand Prix,92.827,90.009,0.9696424531655661,-2.817999999999998,6,-2.5079999999999956,,,,,
VER,Red Bull Racing,Bahrain Grand Prix,2025,4,2025_Bahrain Grand Prix,93.027,90.423,0.9720081266729014,-2.603999999999999,8,-2.5079999999999956,,,,,
NOR,McLaren,Bahrain Grand Prix,2025,4,2025_Bahrain Grand Prix,92.314,90.267,0.977825681911736,-2.046999999999997,12,-2.5079999999999956,,,,,
TSU,Red Bull Racing,Bahrain Grand Prix,2025,4,2025_Bahrain Grand Prix,94.965,91.303,0.9614384246827778,-3.662000000000006,9,-2.5079999999999956,,,,,
LEC,Ferrari,Bahrain Grand Prix,2025,4,2025_Bahrain Grand Prix,92.48,90.175,0.9750756920415224,-2.305000000000007,11,-2.5079999999999956,,,,,
GAS,Alpine,Bahrain Grand Prix,2025,4,2025_Bahrain Grand Prix,92.974,90.216,0.9703357928022887,-2.7580000000000098,8,-2.5079999999999956,,,,,
HAM,Ferrari,Bahrain Grand Prix,2025,4,2025_Bahrain Grand Prix,93.111,90.772,0.9748794449635382,-2.3389999999999986,11,-2.5079999999999956,,,,,
PIA,McLaren,Bahrain Grand Prix,2025,4,2025_Bahrain Grand Prix,91.646,89.841,0.9803046505030224,-1.8050000000000068,9,-2.5079999999999956,,,,,
ANT,Mercedes,Bahrain Grand Prix,2025,4,2025_Bahrain Grand Prix,92.916,90.213,0.9709092083171896,-2.703000000000003,7,-2.5079999999999956,,,,,
SAI,Williams,Saudi Arabian Grand Prix,2025,5,2025_Saudi Arabian Grand Prix,88.57,88.164,0.995416055097663,-0.4059999999999917,10,-0.5790000000000077,,,,,
VER,Red Bull Racing,Saudi Arabian Grand Prix,2025,5,2025_Saudi Arabian Grand Prix,88.334,87.294,0.9882265039509135,-1.0400000000000063,9,-0.5790000000000077,,,,,
TSU,,Saudi Arabian Grand Prix,2025,5,2025_Saudi Arabian Grand Prix,88.67,88.204,0.9947445584752452,-0.4660000000000082,10,-0.5790000000000077,,,,,
LEC,Ferrari,Saudi Arabian Grand Prix,2025,5,2025_Saudi Arabian Grand Prix,88.372,87.67,0.992056307427692,-0.7019999999999982,11,-0.5790000000000077,,,,,
GAS,,Saudi Arabian Grand Prix,2025,5,2025_Saudi Arabian Grand Prix,88.625,88.367,0.9970888575458393,-0.25799999999999557,8,-0.5790000000000077,,,,,
HAM,Ferrari,Saudi Arabian Grand Prix,2025,5,2025_Saudi Arabian Grand Prix,88.78,88.201,0.9934782608695651,-0.5790000000000077,10,-0.5790000000000077,,,,,
PIA,McLaren,Saudi Arabian Grand Prix,2025,5,2025_Saudi Arabian Grand Prix,87.513,87.304,0.9976117833921817,-0.20900000000000318,15,-0.5790000000000077,,,,,
ANT,Mercedes,Saudi Arabian Grand Prix,2025,5,2025_Saudi Arabian Grand Prix,88.679,87.866,0.9908321023015595,-0.8130000000000024,12,-0.5790000000000077,,,,,
RUS,Mercedes,Saudi Arabian Grand Prix,2025,5,2025_Saudi Arabian Grand Prix,88.116,87.407,0.9919537881882972,-0.7090000000000032,9,-0.5790000000000077,,,,,
ALB,Williams,Miami Grand Prix,2025,6,2025_Miami Grand Prix,,86.682,,,0,,,,,,
SAI,Williams,Miami Grand Prix,2025,6,2025_Miami Grand Prix,,86.569,,,0,,,,,,
VER,Red Bull Racing,Miami Grand Prix,2025,6,2025_Miami Grand Prix,,86.204,,,0,,,,,,
NOR,McLaren,Miami Grand Prix,2025,6,2025_Miami Grand Prix,,86.269,,,0,,,,,,
TSU,Red Bull Racing,Miami Grand Prix,2025,6,2025_Miami Grand Prix,,86.943,,,0,,,,,,
LEC,Ferrari,Miami Grand Prix,2025,6,2025_Miami Grand Prix,,86.754,,,0,,,,,,
OCO,Haas F1 Team,Miami Grand Prix,2025,6,2025_Miami Grand Prix,,86.824,,,0,,,,,,
PIA,McLaren,Miami Grand Prix,2025,6,2025_Miami Grand Prix,,86.375,,,0,,,,,,
ANT,Mercedes,Miami Grand Prix,2025,6,2025_Miami Grand Prix,,86.271,,,0,,,,,,
RUS,Mercedes,Miami Grand Prix,2025,6,2025_Miami Grand Prix,,86.385,,,0,,,,,,
ALB,Williams,Emilia Romagna Grand Prix,2025,7,2025_Emilia Romagna Grand Prix,75.732,75.473,0.9965800454233349,-0.25900000000000034,17,-0.29299999999999926,,,,,
HAD,Racing Bulls,Emilia Romagna Grand Prix,2025,7,2025_Emilia Romagna Grand Prix,75.508,75.746,1.0031519838957461,0.23799999999999955,15,-0.29299999999999926,,,,,
SAI,Williams,Emilia Romagna Grand Prix,2025,7,2025_Emilia Romagna Grand Prix,75.457,75.432,0.9996686854764967,-0.024999999999991473,18,-0.29299999999999926,,,,,
VER,Red Bull Racing,Emilia Romagna Grand Prix,2025,7,2025_Emilia Romagna Grand Prix,75.078,74.704,0.9950185140786914,-0.37400000000000944,13,-0.29299999999999926,,,,,
NOR,McLaren,Emilia Romagna Grand Prix,2025,7,2025_Emilia Romagna Grand Prix,74.897,74.962,1.0008678585257087,0.06499999999999773,15,-0.29299999999999926,,,,,
ALO,Aston Martin,Emilia Romagna Grand Prix,2025,7,2025_Emilia Romagna Grand Prix,75.819,75.431,0.994882549229085,-0.38800000000000523,13,-0.29299999999999926,,,,,
GAS,Alpine,Emilia Romagna Grand Prix,2025,7,2025_Emilia Romagna Grand Prix,75.99,75.787,0.9973285958678775,-0.20299999999998875,9,-0.29299999999999926,,,,,
PIA,McLaren,Emilia Romagna Grand Prix,2025,7,2025_Emilia Romagna Grand Prix,74.997,74.67,0.9956398255930238,-0.3269999999999982,15,-0.29299999999999926,,,,,
STR,Aston Martin,Emilia Romagna Grand Prix,2025,7,2025_Emilia Romagna Grand Prix,75.975,75.581,0.9948140835801251,-0.39399999999999125,17,-0.29299999999999926,,,,,
RUS,Mercedes,Emilia Romagna Grand Prix,2025,7,2025_Emilia Romagna Grand Prix,75.662,74.807,0.9886997435965214,-0.855000000000004,8,-0.29299999999999926,,,,,
ALB,Williams,Monaco Grand Prix,2025,8,2025_Monaco Grand Prix,71.668,71.213,0.9936512809064015,-0.4550000000000125,22,-1.1554999999999964,,,,,
HAD,Racing Bulls,Monaco Grand Prix,2025,8,2025_Monaco Grand Prix,72.271,70.923,0.9813479819014542,-1.347999999999999,26,-1.1554999999999964,,,,,
VER,Red Bull Racing,Monaco Grand Prix,2025,8,2025_Monaco Grand Prix,71.233,70.669,0.9920823213959821,-0.5640000000000072,21,-1.1554999999999964,,,,,
NOR,McLaren,Monaco Grand Prix,2025,8,2025_Monaco Grand Prix,71.247,69.954,0.9818518674470503,-1.2930000000000064,21,-1.1554999999999964,,,,,
ALO,Aston Martin,Monaco Grand Prix,2025,8,2025_Monaco Grand Prix,72.101,70.924,0.983675677175074,-1.1769999999999925,19,-1.1554999999999964,,,,,
LEC,Ferrari,Monaco Grand Prix,2025,8,2025_Monaco Grand Prix,70.953,70.063,0.9874564852789874,-0.8900000000000006,23,-1.1554999999999964,,,,,
LAW,Racing Bulls,Monaco Grand Prix,2025,8,2025_Monaco Grand Prix,71.814,71.129,0.9904614699083746,-0.6849999999999881,29,-1.1554999999999964,,,,,
OCO,Haas F1 Team,Monaco Grand Prix,2025,8,2025_Monaco Grand Prix,72.499,70.942,0.9785238417081614,-1.5570000000000022,23,-1.1554999999999964,,,,,
HAM,Ferrari,Monaco Grand Prix,2025,8,2025_Monaco Grand Prix,71.516,70.382,0.9841434084680352,-1.1340000000000003,23,-1.1554999999999964,,,,,
PIA,McLaren,Monaco Grand Prix,2025,8,2025_Monaco Grand Prix,71.398,70.129,0.9822263928961597,-1.2689999999999912,19,-1.1554999999999964,,,,,
LEC,Ferrari,Spanish Grand Prix,2025,9,2025_Spanish Grand Prix,73.13,72.131,0.9863393955968823,-0.9989999999999952,13,-1.224499999999999,,,,,
ALO,Aston Martin,Spanish Grand Prix,2025,9,2025_Spanish Grand Prix,73.414,72.284,0.9846078404663962,-1.1299999999999955,9,-1.224499999999999,,,,,
VER,Red Bull Racing,Spanish Grand Prix,2025,9,2025_Spanish Grand Prix,73.375,71.848,0.9791890971039182,-1.527000000000001,11,-1.224499999999999,,,,,
HAD,Racing Bulls,Spanish Grand Prix,2025,9,2025_Spanish Grand Prix,73.382,72.252,0.9846011283421001,-1.1300000000000097,13,-1.224499999999999,,,,,
PIA,McLaren,Spanish Grand Prix,2025,9,2025_Spanish Grand Prix,72.387,71.546,0.9883818917761478,-0.840999999999994,10,-1.224499999999999,,,,,
NOR,McLaren,Spanish Grand Prix,2025,9,2025_Spanish Grand Prix,72.913,71.755,0.984118058508085,-1.1580000000000013,13,-1.224499999999999,,,,,
GAS,Alpine,Spanish Grand Prix,2025,9,2025_Spanish Grand Prix,73.954,72.199,0.9762690321010359,-1.7549999999999955,14,-1.224499999999999,,,,,
HAM,Ferrari,Spanish Grand Prix,2025,9,2025_Spanish Grand Prix,73.527,72.045,0.9798441388877556,-1.4819999999999993,11,-1.224499999999999,,,,,
ANT,Mercedes,Spanish Grand Prix,2025,9,2025_Spanish Grand Prix,73.405,72.111,0.9823717730399837,-1.293999999999997,7,-1.224499999999999,,,,,
RUS,Mercedes,Spanish Grand Prix,2025,9,2025_Spanish Grand Prix,73.139,71.848,0.9823486785435951,-1.2909999999999968,13,-1.224499999999999,,,,,
LEC,Ferrari,Canadian Grand Prix,2025,10,2025_Canadian Grand Prix,71.877,71.682,0.9972870320130224,-0.19499999999999318,26,-0.7249999999999943,,,,,
ALO,Aston Martin,Canadian Grand Prix,2025,10,2025_Canadian Grand Prix,72.247,71.586,0.990850831176381,-0.6610000000000014,17,-0.7249999999999943,,,,,
VER,Red Bull Racing,Canadian Grand Prix,2025,10,2025_Canadian Grand Prix,72.072,71.059,0.9859446109446108,-1.0130000000000052,18,-0.7249999999999943,,,,,
HAD,Racing Bulls,Canadian Grand Prix,2025,10,2025_Canadian Grand Prix,72.651,71.867,0.989208682605883,-0.7839999999999918,17,-0.7249999999999943,,,,,
PIA,McLaren,Canadian Grand Prix,2025,10,2025_Canadian Grand Prix,72.519,71.12,0.9807085039782677,-1.399000000000001,15,-0.7249999999999943,,,,,
NOR,McLaren,Canadian Grand Prix,2025,10,2025_Canadian Grand Prix,71.799,71.625,0.9975765679187731,-0.1740000000000066,20,-0.7249999999999943,,,,,
ALB,Williams,Canadian Grand Prix,2025,10,2025_Canadian Grand Prix,72.573,71.907,0.9908230333595139,-0.6659999999999968,20,-0.7249999999999943,,,,,
HAM,Ferrari,Canadian Grand Prix,2025,10,2025_Canadian Grand Prix,72.05,71.526,0.9927272727272727,-0.5240000000000009,22,-0.7249999999999943,,,,,
ANT,Mercedes,Canadian Grand Prix,2025,10,2025_Canadian Grand Prix,72.348,71.391,0.9867722673743574,-0.9569999999999936,17,-0.7249999999999943,,,,,
RUS,Mercedes,Canadian Grand Prix,2025,10,2025_Canadian Grand Prix,71.95,70.899,0.9853926337734538,-1.051000000000002,16,-0.7249999999999943,,,,,
LEC,Ferrari,Austrian Grand Prix,2025,11,2025_Austrian Grand Prix,64.574,64.492,0.9987301390652585,-0.08199999999999363,16,-0.0659999999999954,,,,,
VER,,Austrian Grand Prix,2025,11,2025_Austrian Grand Prix,64.534,64.929,1.0061208045371433,0.394999999999996,25,-0.0659999999999954,,,,,
PIA,McLaren,Austrian Grand Prix,2025,11,2025_Austrian Grand Prix,64.442,64.554,1.0017379969585054,0.11200000000000898,16,-0.0659999999999954,,,,,
NOR,McLaren,Austrian Grand Prix,2025,11,2025_Austrian Grand Prix,64.324,63.971,0.994512157204154,-0.35300000000000153,17,-0.0659999999999954,,,,,
GAS,Alpine,Austrian Grand Prix,2025,11,2025_Austrian Grand Prix,65.366,65.649,1.0043294679191017,0.28300000000000125,21,-0.0659999999999954,,,,,
BOR,Kick Sauber,Austrian Grand Prix,2025,11,2025_Austrian Grand Prix,65.182,65.132,0.9992329170629929,-0.04999999999999716,13,-0.0659999999999954,,,,,
LAW,Racing Bulls,Austrian Grand Prix,2025,11,2025_Austrian Grand Prix,65.182,64.926,0.9960725353625234,-0.2560000000000002,15,-0.0659999999999954,,,,,
HAM,Ferrari,Austrian Grand Prix,2025,11,2025_Austrian Grand Prix,64.79,64.582,0.9967896280290166,-0.20800000000001262,19,-0.0659999999999954,,,,,
ANT,,Austrian Grand Prix,2025,11,2025_Austrian Grand Prix,65.053,65.276,1.003427974113415,0.22299999999999898,12,-0.0659999999999954,,,,,
RUS,Mercedes,Austrian Grand Prix,2025,11,2025_Austrian Grand Prix,65.018,64.763,0.9960780091666924,-0.25499999999999545,14,-0.0659999999999954,,,,,
LEC,Ferrari,British Grand Prix,2025,12,2025_British Grand Prix,85.498,85.121,0.9955905401295936,-0.37700000000000955,8,-0.8704999999999998,,,,,
ALO,Aston Martin,British Grand Prix,2025,12,2025_British Grand Prix,86.894,85.621,0.9853499666260039,-1.2730000000000103,8,-0.8704999999999998,,,,,
VER,Red Bull Racing,British Grand Prix,2025,12,2025_British Grand Prix,85.585,84.892,0.9919027867032775,-0.6929999999999978,7,-0.8704999999999998,,,,,
PIA,McLaren,British Grand Prix,2025,12,2025_British Grand Prix,85.566,84.995,0.9933267886777458,-0.570999999999998,10,-0.8704999999999998,,,,,
NOR,McLaren,British Grand Prix,2025,12,2025_British Grand Prix,85.606,85.01,0.9930378711772541,-0.5959999999999894,11,-0.8704999999999998,,,,,
GAS,Alpine,British Grand Prix,2025,12,2025_British Grand Prix,87.878,85.785,0.9761828899155647,-2.0930000000000035,10,-0.8704999999999998,,,,,
HAM,Ferrari,British Grand Prix,2025,12,2025_British Grand Prix,86.332,85.095,0.9856715933836817,-1.2369999999999948,9,-0.8704999999999998,,,,,
ANT,Mercedes,British Grand Prix,2025,12,2025_British Grand Prix,86.422,85.374,0.987873458147231,-1.0480000000000018,5,-0.8704999999999998,,,,,
RUS,Mercedes,British Grand Prix,2025,12,2025_British Grand Prix,86.125,85.029,0.9872743105950653,-1.0960000000000036,4,-0.8704999999999998,,,,,
BEA,Haas F1 Team,British Grand Prix,2025,12,2025_British Grand Prix,86.112,85.471,0.9925562058714233,-0.6409999999999911,7,-0.8704999999999998,,,,,
TSU,Red Bull Racing,Belgian Grand Prix,2025,13,2025_Belgian Grand Prix,,101.284,,,0,,,,,,
LEC,Ferrari,Belgian Grand Prix,2025,13,2025_Belgian Grand Prix,,100.9,,,0,,,,,,
VER,Red Bull Racing,Belgian Grand Prix,2025,13,2025_Belgian Grand Prix,,100.903,,,0,,,,,,
HAD,Racing Bulls,Belgian Grand Prix,2025,13,2025_Belgian Grand Prix,,101.31,,,0,,,,,,
PIA,McLaren,Belgian Grand Prix,2025,13,2025_Belgian Grand Prix,,100.647,,,0,,,,,,
NOR,McLaren,Belgian Grand Prix,2025,13,2025_Belgian Grand Prix,,100.562,,,0,,,,,,
BOR,Kick Sauber,Belgian Grand Prix,2025,13,2025_Belgian Grand Prix,,102.387,,,0,,,,,,
ALB,Williams,Belgian Grand Prix,2025,13,2025_Belgian Grand Prix,,101.201,,,0,,,,,,
LAW,Racing Bulls,Belgian Grand Prix,2025,13,2025_Belgian Grand Prix,,101.328,,,0,,,,,,
RUS,Mercedes,Belgian Grand Prix,2025,13,2025_Belgian Grand Prix,,101.26,,,0,,,,,,
LEC,Ferrari,Hungarian Grand Prix,2025,14,2025_Hungarian Grand Prix,75.315,75.372,1.0007568213503286,0.05700000000000216,12,-0.32150000000000034,,,,,
ALO,Aston Martin,Hungarian Grand Prix,2025,14,2025_Hungarian Grand Prix,75.794,75.481,0.9958703855186426,-0.3130000000000024,11,-0.32150000000000034,,,,,
VER,Red Bull Racing,Hungarian Grand Prix,2025,14,2025_Hungarian Grand Prix,76.162,75.728,0.994301620230561,-0.4340000000000117,16,-0.32150000000000034,,,,,
HAD,Racing Bulls,Hungarian Grand Prix,2025,14,2025_Hungarian Grand Prix,76.956,75.915,0.9864727896460316,-1.0409999999999968,14,-0.32150000000000034,,,,,
PIA,McLaren,Hungarian Grand Prix,2025,14,2025_Hungarian Grand Prix,74.916,75.398,1.0064338726039832,0.4819999999999993,12,-0.32150000000000034,,,,,
NOR,McLaren,Hungarian Grand Prix,2025,14,2025_Hungarian Grand Prix,74.948,75.413,1.0062043016491435,0.4650000000000034,14,-0.32150000000000034,,,,,
BOR,Kick Sauber,Hungarian Grand Prix,2025,14,2025_Hungarian Grand Prix,75.978,75.725,0.9966700887098897,-0.2530000000000001,14,-0.32150000000000034,,,,,
LAW,Racing Bulls,Hungarian Grand Prix,2025,14,2025_Hungarian Grand Prix,76.371,75.821,0.9927983134959606,-0.5499999999999972,17,-0.32150000000000034,,,,,
STR,Aston Martin,Hungarian Grand Prix,2025,14,2025_Hungarian Grand Prix,75.828,75.498,0.9956480455768318,-0.3299999999999983,14,-0.32150000000000034,,,,,
RUS,Mercedes,Hungarian Grand Prix,2025,14,2025_Hungarian Grand Prix,75.84,75.425,0.9945279535864978,-0.41500000000000625,10,-0.32150000000000034,,,,,
LAW,Racing Bulls,Dutch Grand Prix,2025,15,2025_Dutch Grand Prix,70.3,69.5,0.988620199146515,-0.7999999999999972,14,-0.6025000000000063,,,,,
SAI,Williams,Dutch Grand Prix,2025,15,2025_Dutch Grand Prix,69.913,69.505,0.9941641754752335,-0.40800000000000125,20,-0.6025000000000063,,,,,
HAM,Ferrari,Dutch Grand Prix,2025,15,2025_Dutch Grand Prix,70.373,69.39,0.9860315746095804,-0.9830000000000041,13,-0.6025000000000063,,,,,
NOR,McLaren,Dutch Grand Prix,2025,15,2025_Dutch Grand Prix,68.972,68.674,0.9956794061358234,-0.2979999999999876,11,-0.6025000000000063,,,,,
PIA,McLaren,Dutch Grand Prix,2025,15,2025_Dutch Grand Prix,69.214,68.662,0.9920247348802267,-0.5519999999999925,10,-0.6025000000000063,,,,,
ALO,Aston Martin,Dutch Grand Prix,2025,15,2025_Dutch Grand Prix,70.232,69.63,0.9914284087025856,-0.6020000000000039,18,-0.6025000000000063,,,,,
VER,Red Bull Racing,Dutch Grand Prix,2025,15,2025_Dutch Grand Prix,69.925,68.925,0.9856989631748302,-1.0,16,-0.6025000000000063,,,,,
LEC,Ferrari,Dutch Grand Prix,2025,15,2025_Dutch Grand Prix,69.938,69.34,0.9914495696188053,-0.597999999999999,18,-0.6025000000000063,,,,,
RUS,Mercedes,Dutch Grand Prix,2025,15,2025_Dutch Grand Prix,69.858,69.255,0.9913682040711156,-0.6030000000000086,14,-0.6025000000000063,,,,,
HAD,Racing Bulls,Dutch Grand Prix,2025,15,2025_Dutch Grand Prix,70.166,69.208,0.9863466636262578,-0.9579999999999984,16,-0.6025000000000063,,,,,
ANT,Mercedes,Italian Grand Prix,2025,16,2025_Italian Grand Prix,79.696,79.2,0.9937763501304959,-0.4959999999999951,17,-0.3684999999999974,,20.0,20.0,,0.0
LEC,Ferrari,Italian Grand Prix,2025,16,2025_Italian Grand Prix,79.352,79.007,0.9956522834963202,-0.34499999999999886,19,-0.3684999999999974,,20.0,20.0,,0.0
OCO,Haas F1 Team,Italian Grand Prix,2025,16,2025_Italian Grand Prix,80.304,79.707,0.992565750149432,-0.5970000000000084,16,-0.3684999999999974,,20.0,20.0,,0.0
VER,Red Bull Racing,Italian Grand Prix,2025,16,2025_Italian Grand Prix,79.498,78.792,0.9911192734408413,-0.7060000000000031,12,-0.3684999999999974,,20.0,20.0,,0.0
RUS,Mercedes,Italian Grand Prix,2025,16,2025_Italian Grand Prix,79.515,79.157,0.9954977048355655,-0.3580000000000041,9,-0.3684999999999974,,20.0,20.0,,0.0
COL,Alpine,Italian Grand Prix,2025,16,2025_Italian Grand Prix,80.034,79.992,0.9994752230302122,-0.04200000000000159,16,-0.3684999999999974,,20.0,20.0,,0.0
ALO,Aston Martin,Italian Grand Prix,2025,16,2025_Italian Grand Prix,79.861,79.424,0.994527992386772,-0.4369999999999976,13,-0.3684999999999974,,20.0,20.0,,0.0
HUL,,Italian Grand Prix,2025,16,2025_Italian Grand Prix,79.737,79.498,0.9970026461993806,-0.2389999999999901,11,-0.3684999999999974,,20.0,20.0,,0.0
STR,Aston Martin,Italian Grand Prix,2025,16,2025_Italian Grand Prix,80.247,79.948,0.996274004012611,-0.2990000000000066,16,-0.3684999999999974,,20.0,20.0,,0.0
BEA,Haas F1 Team,Italian Grand Prix,2025,16,2025_Italian Grand Prix,80.209,79.446,0.9904873517934396,-0.7630000000000052,16,-0.3684999999999974,,20.0,20.0,,0.0
LAW,Racing Bulls,Italian Grand Prix,2025,16,2025_Italian Grand Prix,80.132,80.279,1.001834473119353,0.14699999999999136,11,-0.3684999999999974,,20.0,20.0,,0.0
HAM,Ferrari,Italian Grand Prix,2025,16,2025_Italian Grand Prix,79.598,79.124,0.99404507650946,-0.47400000000000375,16,-0.3684999999999974,,20.0,20.0,,0.0
ALB,Williams,Italian Grand Prix,2025,16,2025_Italian Grand Prix,79.72,79.583,0.9982814851981937,-0.13700000000000045,19,-0.3684999999999974,,20.0,20.0,,0.0
BOR,Kick Sauber,Italian Grand Prix,2025,16,2025_Italian Grand Prix,79.558,79.39,0.9978883330400462,-0.16800000000000637,13,-0.3684999999999974,,20.0,20.0,,0.0
TSU,Red Bull Racing,Italian Grand Prix,2025,16,2025_Italian Grand Prix,80.059,79.519,0.9932549744563386,-0.539999999999992,19,-0.3684999999999974,,20.0,20.0,,0.0
GAS,Alpine,Italian Grand Prix,2025,16,2025_Italian Grand Prix,80.247,80.103,0.9982055403940333,-0.14400000000000546,17,-0.3684999999999974,,20.0,20.0,,0.0
PIA,McLaren,Italian Grand Prix,2025,16,2025_Italian Grand Prix,79.496,78.982,0.9935342658750126,-0.5139999999999958,18,-0.3684999999999974,,20.0,20.0,,0.0
NOR,McLaren,Italian Grand Prix,2025,16,2025_Italian Grand Prix,79.331,78.869,0.9941762993029206,-0.4620000000000033,16,-0.3684999999999974,,20.0,20.0,,0.0
HAD,Racing Bulls,Italian Grand Prix,2025,16,2025_Italian Grand Prix,79.603,79.917,1.0039445749532054,0.31400000000000716,14,-0.3684999999999974,,20.0,20.0,,0.0
SAI,Williams,Italian Grand Prix,2025,16,2025_Italian Grand Prix,79.907,79.528,0.9952569862465117,-0.3789999999999907,19,-0.3684999999999974,,20.0,20.0,,0.0
ANT,Mercedes,Azerbaijan Grand Prix,2025,17,2025_Azerbaijan Grand Prix,101.876,101.717,0.9984392791236405,-0.15900000000000603,8,-0.1110000000000042,,20.0,20.0,,0.0
LEC,Ferrari,Azerbaijan Grand Prix,2025,17,2025_Azerbaijan Grand Prix,102.209,101.519,0.9932491267892261,-0.6899999999999977,11,-0.1110000000000042,,20.0,20.0,,0.0
OCO,Haas F1 Team,Azerbaijan Grand Prix,2025,17,2025_Azerbaijan Grand Prix,102.868,103.004,1.0013220826690516,0.1360000000000099,15,-0.1110000000000042,,20.0,20.0,,0.0
VER,Red Bull Racing,Azerbaijan Grand Prix,2025,17,2025_Azerbaijan Grand Prix,101.445,101.117,0.9967667208832374,-0.32799999999998875,13,-0.1110000000000042,,20.0,20.0,,0.0
RUS,Mercedes,Azerbaijan Grand Prix,2025,17,2025_Azerbaijan Grand Prix,101.964,102.07,1.0010395825977796,0.10599999999999454,10,-0.1110000000000042,,20.0,20.0,,0.0
COL,Alpine,Azerbaijan Grand Prix,2025,17,2025_Azerbaijan Grand Prix,102.789,102.779,0.9999027133253557,-0.010000000000005116,12,-0.1110000000000042,,20.0,20.0,,0.0
ALO,Aston Martin,Azerbaijan Grand Prix,2025,17,2025_Azerbaijan Grand Prix,102.591,101.857,0.9928453763000653,-0.7339999999999947,10,-0.1110000000000042,,20.0,20.0,,0.0
HUL,Kick Sauber,Azerbaijan Grand Prix,2025,17,2025_Azerbaijan Grand Prix,102.428,102.916,1.0047643222556333,0.48799999999999955,12,-0.1110000000000042,,20.0,20.0,,0.0
STR,Aston Martin,Azerbaijan Grand Prix,2025,17,2025_Azerbaijan Grand Prix,103.35,103.061,0.9972036768263185,-0.28899999999998727,10,-0.1110000000000042,,20.0,20.0,,0.0
BEA,Haas F1 Team,Azerbaijan Grand Prix,2025,17,2025_Azerbaijan Grand Prix,101.985,102.666,1.0066774525665538,0.6809999999999974,16,-0.1110000000000042,,20.0,20.0,,0.0
LAW,Racing Bulls,Azerbaijan Grand Prix,2025,17,2025_Azerbaijan Grand Prix,102.146,101.707,0.9957022301411704,-0.43900000000000716,14,-0.1110000000000042,,20.0,20.0,,0.0
HAM,Ferrari,Azerbaijan Grand Prix,2025,17,2025_Azerbaijan Grand Prix,101.499,102.183,1.0067389826500754,0.6840000000000117,8,-0.1110000000000042,,20.0,20.0,,0.0
ALB,Williams,Azerbaijan Grand Prix,2025,17,2025_Azerbaijan Grand Prix,101.983,103.778,1.0176009727111381,1.7950000000000017,12,-0.1110000000000042,,20.0,20.0,,0.0
BOR,Kick Sauber,Azerbaijan Grand Prix,2025,17,2025_Azerbaijan Grand Prix,103.06,102.277,0.9924024839899088,-0.7830000000000013,7,-0.1110000000000042,,20.0,20.0,,0.0
TSU,Red Bull Racing,Azerbaijan Grand Prix,2025,17,2025_Azerbaijan Grand Prix,102.84,102.143,0.9932224815246985,-0.6970000000000027,12,-0.1110000000000042,,20.0,20.0,,0.0
GAS,Alpine,Azerbaijan Grand Prix,2025,17,2025_Azerbaijan Grand Prix,103.322,103.139,0.9982288380015872,-0.18300000000000693,17,-0.1110000000000042,,20.0,20.0,,0.0
PIA,,Azerbaijan Grand Prix,2025,17,2025_Azerbaijan Grand Prix,101.477,101.414,0.9993791696640618,-0.06300000000000239,16,-0.1110000000000042,,20.0,20.0,,0.0
HAD,Racing Bulls,Azerbaijan Grand Prix,2025,17,2025_Azerbaijan Grand Prix,102.267,102.372,1.0010267241632198,0.10500000000000398,15,-0.1110000000000042,,20.0,20.0,,0.0
NOR,McLaren,Azerbaijan Grand Prix,2025,17,2025_Azerbaijan Grand Prix,101.223,102.239,1.0100372444997678,1.0160000000000053,13,-0.1110000000000042,,20.0,20.0,,0.0
SAI,Williams,Azerbaijan Grand Prix,2025,17,2025_Azerbaijan Grand Prix,102.486,101.595,0.9913061296177038,-0.8910000000000053,10,-0.1110000000000042,,20.0,20.0,,0.0
HUL,Kick Sauber,Singapore Grand Prix,2025,18,2025_Singapore Grand Prix,90.637,90.141,0.9945276211701624,-0.4959999999999951,14,-0.6469999999999985,,20.0,20.0,,0.0
RUS,Mercedes,Singapore Grand Prix,2025,18,2025_Singapore Grand Prix,90.197,89.158,0.9884807698703948,-1.0390000000000015,12,-0.6469999999999985,,20.0,20.0,,0.0
NOR,McLaren,Singapore Grand Prix,2025,18,2025_Singapore Grand Prix,90.237,89.586,0.9927856644170352,-0.6509999999999962,19,-0.6469999999999985,,20.0,20.0,,0.0
LEC,Ferrari,Singapore Grand Prix,2025,18,2025_Singapore Grand Prix,90.651,89.784,0.9904358473706855,-0.8669999999999902,18,-0.6469999999999985,,20.0,20.0,,0.0
VER,Red Bull Racing,Singapore Grand Prix,2025,18,2025_Singapore Grand Prix,90.148,89.34,0.9910369614411857,-0.8079999999999927,11,-0.6469999999999985,,20.0,20.0,,0.0
COL,Alpine,Singapore Grand Prix,2025,18,2025_Singapore Grand Prix,91.047,90.982,0.9992860830120707,-0.06499999999999773,15,-0.6469999999999985,,20.0,20.0,,0.0
SAI,Williams,Singapore Grand Prix,2025,18,2025_Singapore Grand Prix,90.392,90.235,0.9982631206301443,-0.15699999999999648,16,-0.6469999999999985,,20.0,20.0,,0.0
STR,Aston Martin,Singapore Grand Prix,2025,18,2025_Singapore Grand Prix,91.26,90.949,0.9965921542844619,-0.31100000000000705,12,-0.6469999999999985,,20.0,20.0,,0.0
HAM,Ferrari,Singapore Grand Prix,2025,18,2025_Singapore Grand Prix,90.559,89.688,0.9903819609315474,-0.8709999999999951,15,-0.6469999999999985,,20.0,20.0,,0.0
ALB,Williams,Singapore Grand Prix,2025,18,2025_Singapore Grand Prix,90.668,90.202,0.9948603697004454,-0.4660000000000082,18,-0.6469999999999985,,20.0,20.0,,0.0
BEA,Haas F1 Team,Singapore Grand Prix,2025,18,2025_Singapore Grand Prix,90.799,89.868,0.9897465831121487,-0.9310000000000116,17,-0.6469999999999985,,20.0,20.0,,0.0
OCO,Haas F1 Team,Singapore Grand Prix,2025,18,2025_Singapore Grand Prix,90.784,90.989,1.002258107155446,0.2049999999999983,13,-0.6469999999999985,,20.0,20.0,,0.0
ALO,Aston Martin,Singapore Grand Prix,2025,18,2025_Singapore Grand Prix,90.923,89.955,0.9893536288947791,-0.9680000000000035,13,-0.6469999999999985,,20.0,20.0,,0.0
TSU,Red Bull Racing,Singapore Grand Prix,2025,18,2025_Singapore Grand Prix,91.44,90.353,0.9881124234470691,-1.0870000000000033,17,-0.6469999999999985,,20.0,20.0,,0.0
LAW,Racing Bulls,Singapore Grand Prix,2025,18,2025_Singapore Grand Prix,93.628,90.32,0.9646686888537617,-3.308000000000007,4,-0.6469999999999985,,20.0,20.0,,0.0
PIA,McLaren,Singapore Grand Prix,2025,18,2025_Singapore Grand Prix,90.165,89.524,0.992890811290412,-0.6410000000000053,19,-0.6469999999999985,,20.0,20.0,,0.0
HAD,Racing Bulls,Singapore Grand Prix,2025,18,2025_Singapore Grand Prix,90.489,89.846,0.9928941639315276,-0.6430000000000007,15,-0.6469999999999985,,20.0,20.0,,0.0
ANT,Mercedes,Singapore Grand Prix,2025,18,2025_Singapore Grand Prix,90.237,89.537,0.9922426499107906,-0.6999999999999886,9,-0.6469999999999985,,20.0,20.0,,0.0
GAS,Alpine,Singapore Grand Prix,2025,18,2025_Singapore Grand Prix,91.643,91.261,0.9958316510808245,-0.382000000000005,16,-0.6469999999999985,,20.0,20.0,,0.0
BOR,Kick Sauber,Singapore Grand Prix,2025,18,2025_Singapore Grand Prix,90.697,90.82,1.0013561639304496,0.12299999999999045,16,-0.6469999999999985,,20.0,20.0,,0.0
HUL,Kick Sauber,United States Grand Prix,2025,19,2025_United States Grand Prix,,93.334,,,0,,92.645,4.0,13.0,98.917,0.0
RUS,Mercedes,United States Grand Prix,2025,19,2025_United States Grand Prix,,92.826,,,0,,92.888,5.0,2.0,96.556,7.0
NOR,McLaren,United States Grand Prix,2025,19,2025_United States Grand Prix,,92.801,,,0,,92.214,2.0,18.0,,0.0
LEC,Ferrari,United States Grand Prix,2025,19,2025_United States Grand Prix,,92.807,,,0,,93.104,10.0,5.0,97.391,4.0
VER,Red Bull Racing,United States Grand Prix,2025,19,2025_United States Grand Prix,,92.51,,,0,,92.143,1.0,1.0,96.527,8.0
COL,Alpine,United States Grand Prix,2025,19,2025_United States Grand Prix,,94.044,,,0,,95.246,17.0,14.0,99.235,0.0
SAI,Williams,United States Grand Prix,2025,19,2025_United States Grand Prix,,93.15,,,0,,92.911,7.0,3.0,97.51,6.0
STR,Aston Martin,United States Grand Prix,2025,19,2025_United States Grand Prix,,94.54,,,0,,94.394,14.0,17.0,98.766,0.0
HAM,Ferrari,United States Grand Prix,2025,19,2025_United States Grand Prix,,92.912,,,0,,93.035,8.0,4.0,97.096,5.0
ALB,Williams,United States Grand Prix,2025,19,2025_United States Grand Prix,,94.69,,,0,,93.099,9.0,6.0,98.22,3.0
BEA,Haas F1 Team,United States Grand Prix,2025,19,2025_United States Grand Prix,,93.139,,,0,,95.159,16.0,15.0,98.435,0.0
OCO,Haas F1 Team,United States Grand Prix,2025,19,2025_United States Grand Prix,,94.136,,,0,,96.003,19.0,16.0,98.701,0.0
ALO,Aston Martin,United States Grand Prix,2025,19,2025_United States Grand Prix,,93.16,,,0,,92.91,6.0,20.0,,0.0
TSU,Red Bull Racing,United States Grand Prix,2025,19,2025_United States Grand Prix,,93.466,,,0,,95.259,18.0,7.0,98.268,2.0
LAW,Racing Bulls,United States Grand Prix,2025,19,2025_United States Grand Prix,,93.36,,,0,,94.603,15.0,9.0,98.654,0.0
PIA,McLaren,United States Grand Prix,2025,19,2025_United States Grand Prix,,93.084,,,0,,92.523,3.0,19.0,,0.0
ANT,Mercedes,United States Grand Prix,2025,19,2025_United States Grand Prix,,93.114,,,0,,94.018,11.0,8.0,97.758,1.0
GAS,Alpine,United States Grand Prix,2025,19,2025_United States Grand Prix,,93.651,,,0,,94.258,13.0,10.0,98.932,0.0
BOR,Kick Sauber,United States Grand Prix,2025,19,2025_United States Grand Prix,,94.125,,,0,,96.313,20.0,11.0,98.746,0.0
HUL,Kick Sauber,Mexico City Grand Prix,2025,20,2025_Mexico City Grand Prix,77.664,77.016,0.9916563658838072,-0.6479999999999961,21,-1.0434999999999945,,20.0,20.0,,0.0
RUS,Mercedes,Mexico City Grand Prix,2025,20,2025_Mexico City Grand Prix,77.145,76.034,0.9855985481884764,-1.11099999999999,14,-1.0434999999999945,,20.0,20.0,,0.0
NOR,McLaren,Mexico City Grand Prix,2025,20,2025_Mexico City Grand Prix,76.633,75.586,0.986337478631921,-1.046999999999997,19,-1.0434999999999945,,20.0,20.0,,0.0
LEC,Ferrari,Mexico City Grand Prix,2025,20,2025_Mexico City Grand Prix,77.199,75.848,0.9824997733131259,-1.350999999999999,21,-1.0434999999999945,,20.0,20.0,,0.0
VER,Red Bull Racing,Mexico City Grand Prix,2025,20,2025_Mexico City Grand Prix,77.242,76.07,0.9848269076409206,-1.1720000000000113,27,-1.0434999999999945,,20.0,20.0,,0.0
COL,Alpine,Mexico City Grand Prix,2025,20,2025_Mexico City Grand Prix,78.581,77.67,0.9884068667998626,-0.9110000000000014,19,-1.0434999999999945,,20.0,20.0,,0.0
SAI,Williams,Mexico City Grand Prix,2025,20,2025_Mexico City Grand Prix,77.801,76.172,0.9790619657845014,-1.6290000000000049,20,-1.0434999999999945,,20.0,20.0,,0.0
STR,Aston Martin,Mexico City Grand Prix,2025,20,2025_Mexico City Grand Prix,77.598,77.606,1.000103095440604,0.007999999999995566,18,-1.0434999999999945,,20.0,20.0,,0.0
HAM,Ferrari,Mexico City Grand Prix,2025,20,2025_Mexico City Grand Prix,76.978,75.938,0.9864896463924758,-1.039999999999992,26,-1.0434999999999945,,20.0,20.0,,0.0
ALB,Williams,Mexico City Grand Prix,2025,20,2025_Mexico City Grand Prix,77.994,77.49,0.9935379644588045,-0.5040000000000049,17,-1.0434999999999945,,20.0,20.0,,0.0
BEA,Haas F1 Team,Mexico City Grand Prix,2025,20,2025_Mexico City Grand Prix,78.046,76.46,0.9796786510519435,-1.5860000000000127,20,-1.0434999999999945,,20.0,20.0,,0.0
OCO,Haas F1 Team,Mexico City Grand Prix,2025,20,2025_Mexico City Grand Prix,77.574,76.837,0.9904993941268982,-0.7369999999999948,23,-1.0434999999999945,,20.0,20.0,,0.0
ALO,Aston Martin,Mexico City Grand Prix,2025,20,2025_Mexico City Grand Prix,78.611,77.103,0.9808169340168678,-1.5080000000000098,10,-1.0434999999999945,,20.0,20.0,,0.0
TSU,Red Bull Racing,Mexico City Grand Prix,2025,20,2025_Mexico City Grand Prix,77.415,76.816,0.9922624814312472,-0.5990000000000038,20,-1.0434999999999945,,20.0,20.0,,0.0
LAW,Racing Bulls,Mexico City Grand Prix,2025,20,2025_Mexico City Grand Prix,77.552,78.072,1.0067051784609036,0.519999999999996,16,-1.0434999999999945,,20.0,20.0,,0.0
PIA,McLaren,Mexico City Grand Prix,2025,20,2025_Mexico City Grand Prix,77.232,76.174,0.9863010151232651,-1.0579999999999927,20,-1.0434999999999945,,20.0,20.0,,0.0
HAD,Racing Bulls,Mexico City Grand Prix,2025,20,2025_Mexico City Grand Prix,77.396,76.252,0.985218874360432,-1.1440000000000055,15,-1.0434999999999945,,20.0,20.0,,0.0
ANT,Mercedes,Mexico City Grand Prix,2025,20,2025_Mexico City Grand Prix,77.253,76.118,0.9853080139282616,-1.1350000000000051,15,-1.0434999999999945,,20.0,20.0,,0.0
GAS,Alpine,Mexico City Grand Prix,2025,20,2025_Mexico City Grand Prix,78.412,77.546,0.9889557720757027,-0.8659999999999997,21,-1.0434999999999945,,20.0,20.0,,0.0
BOR,Kick Sauber,Mexico City Grand Prix,2025,20,2025_Mexico City Grand Prix,77.526,77.412,0.9985295255785157,-0.11399999999999011,19,-1.0434999999999945,,20.0,20.0,,0.0
LAW,Racing Bulls,São Paulo Grand Prix,2025,21,2025_São Paulo Grand Prix,,69.962,,,0,,70.666,17.0,16.0,73.896,0.0
SAI,Williams,São Paulo Grand Prix,2025,21,2025_São Paulo Grand Prix,,70.472,,,0,,71.12,20.0,14.0,73.712,0.0
TSU,Red Bull Racing,São Paulo Grand Prix,2025,21,2025_São Paulo Grand Prix,,70.711,,,0,,70.692,18.0,13.0,73.921,0.0
OCO,Haas F1 Team,São Paulo Grand Prix,2025,21,2025_São Paulo Grand Prix,,70.438,,,0,,70.872,19.0,11.0,73.791,0.0
ALB,Williams,São Paulo Grand Prix,2025,21,2025_São Paulo Grand Prix,,70.053,,,0,,69.813,12.0,17.0,73.372,0.0
HAD,Racing Bulls,São Paulo Grand Prix,2025,21,2025_São Paulo Grand Prix,,69.931,,,0,,69.775,9.0,10.0,73.444,0.0
NOR,McLaren,São Paulo Grand Prix,2025,21,2025_São Paulo Grand Prix,,69.511,,,0,,69.243,1.0,1.0,72.12,8.0
STR,Aston Martin,São Paulo Grand Prix,2025,21,2025_São Paulo Grand Prix,,70.161,,,0,,69.671,7.0,9.0,73.197,0.0
BEA,Haas F1 Team,São Paulo Grand Prix,2025,21,2025_São Paulo Grand Prix,,69.977,,,0,,69.946,15.0,12.0,73.757,0.0
ANT,Mercedes,São Paulo Grand Prix,2025,21,2025_São Paulo Grand Prix,,69.685,,,0,,69.34,2.0,2.0,72.138,7.0
RUS,Mercedes,São Paulo Grand Prix,2025,21,2025_São Paulo Grand Prix,,69.942,,,0,,69.495,4.0,3.0,72.263,6.0
GAS,Alpine,São Paulo Grand Prix,2025,21,2025_São Paulo Grand Prix,,70.002,,,0,,69.852,13.0,8.0,73.155,1.0
ALO,Aston Martin,São Paulo Grand Prix,2025,21,2025_São Paulo Grand Prix,,70.001,,,0,,69.496,5.0,6.0,73.226,3.0
HAM,Ferrari,São Paulo Grand Prix,2025,21,2025_São Paulo Grand Prix,,70.1,,,0,,69.811,11.0,7.0,72.955,2.0
COL,Alpine,São Paulo Grand Prix,2025,21,2025_São Paulo Grand Prix,,70.632,,,0,,70.441,16.0,20.0,74.056,0.0
LEC,,São Paulo Grand Prix,2025,21,2025_São Paulo Grand Prix,,69.805,,,0,,69.725,8.0,5.0,73.111,4.0
VER,Red Bull Racing,São Paulo Grand Prix,2025,21,2025_São Paulo Grand Prix,,70.403,,,0,,69.58,6.0,4.0,72.617,5.0
PIA,McLaren,São Paulo Grand Prix,2025,21,2025_São Paulo Grand Prix,,69.886,,,0,,69.428,3.0,19.0,72.992,0.0
HUL,Kick Sauber,São Paulo Grand Prix,2025,21,2025_São Paulo Grand Prix,,70.039,,,0,,69.935,10.0,15.0,72.186,0.0
BOR,,Las Vegas Grand Prix,2025,22,2025_Las Vegas Grand Prix,95.738,116.674,1.2186801479036538,20.936000000000007,14,4.954449999999694,,20.0,20.0,,0.0
LAW,Racing Bulls,Las Vegas Grand Prix,2025,22,2025_Las Vegas Grand Prix,95.439,109.062,1.1427403891490902,13.623000000000005,21,4.954449999999694,,20.0,20.0,,0.0
SAI,Williams,Las Vegas Grand Prix,2025,22,2025_Las Vegas Grand Prix,95.662,108.296,1.132069160168092,12.634,17,4.954449999999694,,20.0,20.0,,0.0
TSU,Red Bull Racing,Las Vegas Grand Prix,2025,22,2025_Las Vegas Grand Prix,96.667,116.798,1.2082510060310137,20.131,20,4.954449999999694,,20.0,20.0,,0.0
OCO,Haas F1 Team,Las Vegas Grand Prix,2025,22,2025_Las Vegas Grand Prix,95.817,112.987,1.1791957585814625,17.17,20,4.954449999999694,,20.0,20.0,,0.0
ALB,Williams,Las Vegas Grand Prix,2025,22,2025_Las Vegas Grand Prix,94.875,116.22,1.2249802371541503,21.345,19,4.954449999999694,,20.0,20.0,,0.0
HAD,Racing Bulls,Las Vegas Grand Prix,2025,22,2025_Las Vegas Grand Prix,95.169,109.554,1.1511521608927278,14.385000000000005,19,4.954449999999694,,20.0,20.0,,0.0
NOR,McLaren,Las Vegas Grand Prix,2025,22,2025_Las Vegas Grand Prix,97.112,107.934,1.1114383392371694,10.822000000000003,12,4.954449999999694,,20.0,20.0,,0.0
STR,,Las Vegas Grand Prix,2025,22,2025_Las Vegas Grand Prix,95.533,112.85,1.1812672060963227,17.316999999999993,9,4.954449999999694,,20.0,20.0,,0.0
BEA,Haas F1 Team,Las Vegas Grand Prix,2025,22,2025_Las Vegas Grand Prix,95.586,113.094,1.1831648986253216,17.507999999999996,14,4.954449999999694,,20.0,20.0,,0.0
ANT,Mercedes,Las Vegas Grand Prix,2025,22,2025_Las Vegas Grand Prix,95.385,116.314,1.2194160507417307,20.928999999999988,18,4.954449999999694,,20.0,20.0,,0.0
RUS,Mercedes,Las Vegas Grand Prix,2025,22,2025_Las Vegas Grand Prix,94.054,108.803,1.1568141705828565,14.748999999999995,16,4.954449999999694,,20.0,20.0,,0.0
GAS,Alpine,Las Vegas Grand Prix,2025,22,2025_Las Vegas Grand Prix,95.562,111.54,1.1672003516041942,15.978000000000009,11,4.954449999999694,,20.0,20.0,,0.0
ALO,Aston Martin,Las Vegas Grand Prix,2025,22,2025_Las Vegas Grand Prix,95.54,109.466,1.145760937827088,13.925999999999988,10,4.954449999999694,,20.0,20.0,,0.0
HAM,Ferrari,Las Vegas Grand Prix,2025,22,2025_Las Vegas Grand Prix,95.269,117.115,1.2293085893627516,21.84599999999999,26,4.954449999999694,,20.0,20.0,,0.0
COL,Alpine,Las Vegas Grand Prix,2025,22,2025_Las Vegas Grand Prix,96.305,113.683,1.180447536472665,17.378,14,4.954449999999694,,20.0,20.0,,0.0
LEC,Ferrari,Las Vegas Grand Prix,2025,22,2025_Las Vegas Grand Prix,95.908,109.872,1.1455978646202611,13.963999999999999,23,4.954449999999694,,20.0,20.0,,0.0
VER,Red Bull Racing,Las Vegas Grand Prix,2025,22,2025_Las Vegas Grand Prix,94.281,108.257,1.1482377149160488,13.975999999999999,23,4.954449999999694,,20.0,20.0,,0.0
PIA,McLaren,Las Vegas Grand Prix,2025,22,2025_Las Vegas Grand Prix,97.023,108.961,1.1230429898065408,11.938000000000002,13,4.954449999999694,,20.0,20.0,,0.0
HUL,Kick Sauber,Las Vegas Grand Prix,2025,22,2025_Las Vegas Grand Prix,96.65,112.781,1.1669011898603208,16.131,9,4.954449999999694,,20.0,20.0,,0.0
COL,Alpine,Qatar Grand Prix,2025,23,2025_Qatar Grand Prix,,81.137,,,0,,82.364,20.0,20.0,83.765,0.0
ANT,Mercedes,Qatar Grand Prix,2025,23,2025_Qatar Grand Prix,,79.846,,,0,,80.532,7.0,6.0,84.464,0.0
ALB,Williams,Qatar Grand Prix,2025,23,2025_Qatar Grand Prix,,80.629,,,0,,80.788,10.0,10.0,85.509,0.0
NOR,McLaren,Qatar Grand Prix,2025,23,2025_Qatar Grand Prix,,79.495,,,0,,80.285,3.0,3.0,84.507,0.0
RUS,Mercedes,Qatar Grand Prix,2025,23,2025_Qatar Grand Prix,,79.662,,,0,,80.087,2.0,2.0,84.564,0.0
LAW,Racing Bulls,Qatar Grand Prix,2025,23,2025_Qatar Grand Prix,,80.433,,,0,,81.851,17.0,14.0,85.62,0.0
HAM,Ferrari,Qatar Grand Prix,2025,23,2025_Qatar Grand Prix,,80.907,,,0,,82.043,18.0,17.0,85.782,0.0
STR,Aston Martin,Qatar Grand Prix,2025,23,2025_Qatar Grand Prix,,81.058,,,0,,81.807,16.0,19.0,83.585,0.0
OCO,Haas F1 Team,Qatar Grand Prix,2025,23,2025_Qatar Grand Prix,,80.864,,,0,,81.666,15.0,15.0,85.555,0.0
HAD,Racing Bulls,Qatar Grand Prix,2025,23,2025_Qatar Grand Prix,,80.114,,,0,,81.433,11.0,9.0,85.404,0.0
ALO,Aston Martin,Qatar Grand Prix,2025,23,2025_Qatar Grand Prix,,80.418,,,0,,80.45,4.0,7.0,85.415,0.0
LEC,Ferrari,Qatar Grand Prix,2025,23,2025_Qatar Grand Prix,,80.561,,,0,,80.622,9.0,13.0,85.638,0.0
TSU,Red Bull Racing,Qatar Grand Prix,2025,23,2025_Qatar Grand Prix,,80.761,,,0,,80.519,5.0,5.0,84.816,0.0
SAI,Williams,Qatar Grand Prix,2025,23,2025_Qatar Grand Prix,,80.287,,,0,,80.542,8.0,8.0,85.463,0.0
HUL,Kick Sauber,Qatar Grand Prix,2025,23,2025_Qatar Grand Prix,,80.353,,,0,,81.631,14.0,16.0,85.678,0.0
PIA,McLaren,Qatar Grand Prix,2025,23,2025_Qatar Grand Prix,,79.387,,,0,,80.055,1.0,1.0,83.988,0.0
BOR,Kick Sauber,Qatar Grand Prix,2025,23,2025_Qatar Grand Prix,,80.534,,,0,,81.567,13.0,11.0,85.663,0.0
GAS,Alpine,Qatar Grand Prix,2025,23,2025_Qatar Grand Prix,,80.477,,,0,,82.112,19.0,18.0,83.188,0.0
VER,Red Bull Racing,Qatar Grand Prix,2025,23,2025_Qatar Grand Prix,,79.651,,,0,,80.528,6.0,4.0,84.541,0.0
BEA,Haas F1 Team,Qatar Grand Prix,2025,23,2025_Qatar Grand Prix,,80.438,,,0,,81.494,12.0,12.0,85.593,0.0
OCO,,Abu Dhabi Grand Prix,2025,24,2025_Abu Dhabi Grand Prix,83.605,82.913,0.9917229830751748,-0.6920000000000073,11,-0.7835000000000036,,20.0,20.0,,0.0
HAM,,Abu Dhabi Grand Prix,2025,24,2025_Abu Dhabi Grand Prix,84.47,83.394,0.9872617497336333,-1.0759999999999934,4,-0.7835000000000036,,20.0,20.0,,0.0
ALO,,Abu Dhabi Grand Prix,2025,24,2025_Abu Dhabi Grand Prix,83.585,82.902,0.9918286773942694,-0.6829999999999927,9,-0.7835000000000036,,20.0,20.0,,0.0
VER,,Abu Dhabi Grand Prix,2025,24,2025_Abu Dhabi Grand Prix,83.458,82.207,0.9850104244050899,-1.2510000000000048,10,-0.7835000000000036,,20.0,20.0,,0.0
HAD,,Abu Dhabi Grand Prix,2025,24,2025_Abu Dhabi Grand Prix,83.979,83.072,0.9891996808725991,-0.9069999999999965,11,-0.7835000000000036,,20.0,20.0,,0.0
HUL,,Abu Dhabi Grand Prix,2025,24,2025_Abu Dhabi Grand Prix,83.87,83.45,0.9949922499105759,-0.4200000000000017,12,-0.7835000000000036,,20.0,20.0,,0.0
LEC,,Abu Dhabi Grand Prix,2025,24,2025_Abu Dhabi Grand Prix,83.675,82.73,0.9887063041529729,-0.9449999999999932,13,-0.7835000000000036,,20.0,20.0,,0.0
RUS,,Abu Dhabi Grand Prix,2025,24,2025_Abu Dhabi Grand Prix,83.334,82.645,0.9917320661434708,-0.6890000000000072,9,-0.7835000000000036,,20.0,20.0,,0.0
PIA,,Abu Dhabi Grand Prix,2025,24,2025_Abu Dhabi Grand Prix,83.593,82.437,0.9861710908808153,-1.156000000000006,13,-0.7835000000000036,,20.0,20.0,,0.0
STR,,Abu Dhabi Grand Prix,2025,24,2025_Abu Dhabi Grand Prix,83.895,83.097,0.990488110137672,-0.7980000000000018,13,-0.7835000000000036,,20.0,20.0,,0.0
ALB,,Abu Dhabi Grand Prix,2025,24,2025_Abu Dhabi Grand Prix,83.722,83.416,0.996345046702181,-0.3059999999999974,13,-0.7835000000000036,,20.0,20.0,,0.0
NOR,,Abu Dhabi Grand Prix,2025,24,2025_Abu Dhabi Grand Prix,83.338,82.408,0.9888406249250042,-0.9299999999999926,17,-0.7835000000000036,,20.0,20.0,,0.0
BEA,,Abu Dhabi Grand Prix,2025,24,2025_Abu Dhabi Grand Prix,83.609,83.041,0.9932064729873579,-0.5679999999999978,9,-0.7835000000000036,,20.0,20.0,,0.0
BOR,,Abu Dhabi Grand Prix,2025,24,2025_Abu Dhabi Grand Prix,83.791,82.904,0.9894141375565395,-0.8870000000000005,11,-0.7835000000000036,,20.0,20.0,,0.0
GAS,,Abu Dhabi Grand Prix,2025,24,2025_Abu Dhabi Grand Prix,84.072,83.468,0.9928156817965553,-0.6039999999999992,12,-0.7835000000000036,,20.0,20.0,,0.0
ANT,,Abu Dhabi Grand Prix,2025,24,2025_Abu Dhabi Grand Prix,83.707,83.08,0.992509587011839,-0.6269999999999953,9,-0.7835000000000036,,20.0,20.0,,0.0
TSU,,Abu Dhabi Grand Prix,2025,24,2025_Abu Dhabi Grand Prix,84.693,83.034,0.9804116042648153,-1.6589999999999918,4,-0.7835000000000036,,20.0,20.0,,0.0
LAW,,Abu Dhabi Grand Prix,2025,24,2025_Abu Dhabi Grand Prix,83.947,83.077,0.9896363181531204,-0.8700000000000045,11,-0.7835000000000036,,20.0,20.0,,0.0
SAI,,Abu Dhabi Grand Prix,2025,24,2025_Abu Dhabi Grand Prix,83.811,83.042,0.9908245934304566,-0.7690000000000055,14,-0.7835000000000036,,20.0,20.0,,0.0
COL,,Abu Dhabi Grand Prix,2025,24,2025_Abu Dhabi Grand Prix,84.501,83.89,0.9927693163394515,-0.6110000000000042,11,-0.7835000000000036,,20.0,20.0,,0.0
